PR_ref,commenter,month
"jenkinsci/yet-another-build-visualizer-plugin/25","olivgat","2024-08"
"jenkinsci/yet-another-build-visualizer-plugin/25","jonsten","2024-08"
"jenkinsci/yet-another-build-visualizer-plugin/25","olivgat","2024-08"
"jenkinsci/yet-another-build-visualizer-plugin/25","jonsten","2024-08"
"jenkinsci/jenkins/9616","timja","2024-08"
"jenkinsci/jenkins/9615","basil","2024-08"
"jenkinsci/jenkins/9615","basil","2024-08"
"jenkinsci/jenkins/9615","basil","2024-08"
"jenkinsci/jenkins/9615","basil","2024-08"
"jenkinsci/docker-agent/857","dduportal","2024-08"
"jenkinsci/docker-agent/857","aidanleuck","2024-08"
"jenkinsci/docker-agent/857","dduportal","2024-08"
"jenkinsci/docker-agent/857","dduportal","2024-08"
"jenkinsci/docker-agent/857","dduportal","2024-08"
"jenkinsci/oic-auth-plugin/368","jtnord","2024-08"
"jenkinsci/oic-auth-plugin/368","jtnord","2024-08"
"jenkinsci/oic-auth-plugin/368","jtnord","2024-08"
"jenkinsci/oic-auth-plugin/368","jtnord","2024-08"
"jenkinsci/oic-auth-plugin/368","michael-doubez","2024-08"
"jenkinsci/dashboard-view-plugin/369","TobiX","2024-08"
"jenkinsci/kubernetes-credentials-plugin/56","raul-arabaolaza","2024-08"
"jenkinsci/kubernetes-credentials-plugin/56","timja","2024-08"
"jenkinsci/github-api-plugin/250","raul-arabaolaza","2024-08"
"jenkinsci/synopsys-security-scan-plugin/159","zaman-akib","2024-08"
"jenkinsci/synopsys-security-scan-plugin/159","zaman-akib","2024-08"
"jenkinsci/synopsys-security-scan-plugin/159","zaman-akib","2024-08"
"jenkinsci/synopsys-security-scan-plugin/159","zaman-akib","2024-08"
"jenkinsci/jenkins/9610","basil","2024-08"
"jenkinsci/slack-plugin/998","orcunbalcilar","2024-08"
"jenkinsci/slack-plugin/998","timja","2024-08"
"jenkinsci/script-security-plugin/574","jglick","2024-08"
"jenkinsci/script-security-plugin/574","jglick","2024-08"
"jenkinsci/warnings-ng-plugin/1809","uhafner","2024-08"
"jenkinsci/warnings-ng-plugin/1809","uhafner","2024-08"
"jenkinsci/warnings-ng-plugin/1809","uhafner","2024-08"
"jenkinsci/warnings-ng-plugin/1809","uhafner","2024-08"
"jenkinsci/warnings-ng-plugin/1809","uhafner","2024-08"
"jenkinsci/warnings-ng-plugin/1809","sirine707","2024-08"
"jenkinsci/warnings-ng-plugin/1809","KalleOlaviNiemitalo","2024-08"
"jenkinsci/warnings-ng-plugin/1809","sirine707","2024-08"
"jenkinsci/warnings-ng-plugin/1809","uhafner","2024-08"
"jenkinsci/warnings-ng-plugin/1809","uhafner","2024-08"
"jenkinsci/warnings-ng-plugin/1809","uhafner","2024-08"
"jenkinsci/warnings-ng-plugin/1809","uhafner","2024-08"
"jenkinsci/warnings-ng-plugin/1809","uhafner","2024-08"
"jenkinsci/warnings-ng-plugin/1809","uhafner","2024-08"
"jenkinsci/warnings-ng-plugin/1809","uhafner","2024-08"
"jenkinsci/warnings-ng-plugin/1809","uhafner","2024-08"
"jenkinsci/warnings-ng-plugin/1809","sirine707","2024-08"
"jenkinsci/warnings-ng-plugin/1809","sirine707","2024-08"
"jenkinsci/warnings-ng-plugin/1809","uhafner","2024-08"
"jenkinsci/qmetry-for-jira-test-management-plugin/23","abhishekshah-qmetry","2024-08"
"jenkinsci/gitlab-plugin/1678","MarkEWaite","2024-08"
"jenkinsci/gitlab-plugin/1678","MarkEWaite","2024-08"
"jenkinsci/gitlab-plugin/1678","MarkEWaite","2024-08"
"jenkinsci/gitlab-plugin/1678","MarkEWaite","2024-08"
"jenkinsci/gitlab-plugin/1678","krisstern","2024-08"
"jenkinsci/gitlab-plugin/1678","MarkEWaite","2024-08"
"jenkinsci/gitlab-plugin/1678","MarkEWaite","2024-08"
"jenkinsci/gitlab-plugin/1678","raul-arabaolaza","2024-08"
"jenkinsci/gitlab-plugin/1678","krisstern","2024-08"
"jenkinsci/github-api-plugin/249","vwagh-dev","2024-08"
"jenkinsci/github-api-plugin/249","alecharp","2024-08"
"jenkinsci/github-api-plugin/249","vwagh-dev","2024-08"
"jenkinsci/github-api-plugin/249","raul-arabaolaza","2024-08"
"jenkinsci/github-api-plugin/249","MarkEWaite","2024-08"
"jenkinsci/github-api-plugin/249","MarkEWaite","2024-08"
"jenkinsci/github-api-plugin/249","alecharp","2024-08"
"jenkinsci/github-api-plugin/249","alecharp","2024-08"
"jenkinsci/github-api-plugin/249","alecharp","2024-08"
"jenkinsci/github-api-plugin/249","raul-arabaolaza","2024-08"
"jenkinsci/github-api-plugin/249","alecharp","2024-08"
"jenkinsci/okhttp-api-plugin/210","raul-arabaolaza","2024-08"
"jenkinsci/jenkins-test-harness/814","MarkEWaite","2024-08"
"jenkinsci/kubernetes-credentials-plugin/54","MarkEWaite","2024-08"
"jenkinsci/kubernetes-credentials-plugin/54","MarkEWaite","2024-08"
"jenkinsci/kubernetes-credentials-plugin/54","MarkEWaite","2024-08"
"jenkinsci/kubernetes-credentials-plugin/54","MarkEWaite","2024-08"
"jenkinsci/kubernetes-credentials-plugin/54","MarkEWaite","2024-08"
"jenkinsci/kubernetes-credentials-plugin/54","MarkEWaite","2024-08"
"jenkinsci/kubernetes-credentials-plugin/54","MarkEWaite","2024-08"
"jenkinsci/kubernetes-credentials-plugin/54","MarkEWaite","2024-08"
"jenkinsci/kubernetes-credentials-plugin/54","nevingeorgesunny","2024-08"
"jenkinsci/kubernetes-credentials-plugin/54","raul-arabaolaza","2024-08"
"jenkinsci/kubernetes-credentials-plugin/54","alecharp","2024-08"
"jenkinsci/kubernetes-credentials-plugin/54","alecharp","2024-08"
"jenkinsci/kubernetes-credentials-plugin/54","MarkEWaite","2024-08"
"jenkinsci/kubernetes-credentials-plugin/54","alecharp","2024-08"
"jenkinsci/kubernetes-credentials-plugin/54","basil","2024-08"
"jenkinsci/kubernetes-credentials-plugin/54","basil","2024-08"
"jenkinsci/helm-charts/1170","dimarvim","2024-08"
"jenkinsci/helm-charts/1170","timja","2024-08"
"jenkinsci/helm-charts/1170","timja","2024-08"
"jenkinsci/jenkins/9605","mawinter69","2024-08"
"jenkinsci/jenkins/9605","timja","2024-08"
"jenkinsci/jenkins/9605","daniel-beck","2024-08"
"jenkinsci/jenkins/9605","mawinter69","2024-08"
"jenkinsci/jenkins/9604","mawinter69","2024-08"
"jenkinsci/jenkins/9604","basil","2024-08"
"jenkinsci/nested-data-reporting-plugin/365","totocaca123","2024-08"
"jenkinsci/jenkins/9603","daniel-beck","2024-08"
"jenkinsci/report-jtreg-plugin/36","zzambers","2024-08"
"jenkinsci/report-jtreg-plugin/36","judovana","2024-08"
"jenkinsci/report-jtreg-plugin/36","judovana","2024-08"
"jenkinsci/report-jtreg-plugin/36","judovana","2024-08"
"jenkinsci/report-jtreg-plugin/36","zzambers","2024-08"
"jenkinsci/report-jtreg-plugin/36","zzambers","2024-08"
"jenkinsci/report-jtreg-plugin/36","zzambers","2024-08"
"jenkinsci/report-jtreg-plugin/36","judovana","2024-08"
"jenkinsci/report-jtreg-plugin/36","zzambers","2024-08"
"jenkinsci/report-jtreg-plugin/36","judovana","2024-08"
"jenkinsci/report-jtreg-plugin/36","judovana","2024-08"
"jenkinsci/report-jtreg-plugin/36","zzambers","2024-08"
"jenkinsci/report-jtreg-plugin/36","zzambers","2024-08"
"jenkinsci/report-jtreg-plugin/36","zzambers","2024-08"
"jenkinsci/report-jtreg-plugin/36","judovana","2024-08"
"jenkinsci/report-jtreg-plugin/36","zzambers","2024-08"
"jenkinsci/report-jtreg-plugin/36","zzambers","2024-08"
"jenkinsci/report-jtreg-plugin/36","judovana","2024-08"
"jenkinsci/report-jtreg-plugin/36","judovana","2024-08"
"jenkinsci/report-jtreg-plugin/36","judovana","2024-08"
"jenkinsci/report-jtreg-plugin/36","zzambers","2024-08"
"jenkinsci/report-jtreg-plugin/36","judovana","2024-08"
"jenkinsci/report-jtreg-plugin/36","zzambers","2024-08"
"jenkinsci/report-jtreg-plugin/36","zzambers","2024-08"
"jenkinsci/report-jtreg-plugin/36","judovana","2024-08"
"jenkinsci/acceptance-test-harness/1668","basil","2024-08"
"jenkinsci/jenkins/9601","timja","2024-08"
"jenkinsci/coverage-plugin/213","uhafner","2024-08"
"jenkinsci/checkmarx-ast-scanner-plugin/310","OrShamirCM","2024-08"
"jenkinsci/checkmarx-ast-scanner-plugin/310","miryamfoiferCX","2024-08"
"jenkinsci/plugin-modernizer-tool/177","timtebeek","2024-08"
"jenkinsci/plugin-modernizer-tool/177","jonesbusy","2024-08"
"jenkinsci/coverage-model/119","uhafner","2024-08"
"jenkinsci/coverage-model/119","uhafner","2024-08"
"jenkinsci/coverage-model/119","uhafner","2024-08"
"jenkinsci/coverage-model/119","uhafner","2024-08"
"jenkinsci/coverage-model/119","uhafner","2024-08"
"jenkinsci/coverage-model/119","uhafner","2024-08"
"jenkinsci/coverage-model/119","uhafner","2024-08"
"jenkinsci/coverage-model/119","uhafner","2024-08"
"jenkinsci/coverage-model/119","uhafner","2024-08"
"jenkinsci/coverage-model/119","maxwai","2024-08"
"jenkinsci/coverage-model/119","maxwai","2024-08"
"jenkinsci/jenkins/9599","daniel-beck","2024-08"
"jenkinsci/jenkins/9599","ridemountainpig","2024-08"
"jenkinsci/jenkins/9599","daniel-beck","2024-08"
"jenkinsci/jenkins/9599","ridemountainpig","2024-08"
"jenkinsci/jenkins/9599","daniel-beck","2024-08"
"jenkinsci/jenkins/9599","basil","2024-08"
"jenkinsci/jenkins/9599","daniel-beck","2024-08"
"jenkinsci/hpe-application-automation-tools-plugin/677","AppVeyorBot","2024-08"
"jenkinsci/hpe-application-automation-tools-plugin/677","andreibangau99","2024-08"
"jenkinsci/hpe-application-automation-tools-plugin/677","AppVeyorBot","2024-08"
"jenkinsci/hpe-application-automation-tools-plugin/677","AppVeyorBot","2024-08"
"jenkinsci/hpe-application-automation-tools-plugin/677","AppVeyorBot","2024-08"
"jenkinsci/sonargraph-integration-plugin/7","strangelookingnerd","2024-08"
"jenkinsci/synopsys-coverity-plugin/22","sig-tithi","2024-08"
"jenkinsci/support-core-plugin/570","Dohbedoh","2024-08"
"jenkinsci/support-core-plugin/570","jglick","2024-08"
"jenkinsci/hpe-application-automation-tools-plugin/676","AppVeyorBot","2024-08"
"jenkinsci/build-with-parameters-plugin/28","lkp80877984","2024-08"
"jenkinsci/build-with-parameters-plugin/28","lkp80877984","2024-08"
"jenkinsci/jenkins/9598","krystaltt","2024-08"
"jenkinsci/jenkins/9598","mawinter69","2024-08"
"jenkinsci/jenkins/9598","daniel-beck","2024-08"
"jenkinsci/jenkins/9598","krystaltt","2024-08"
"jenkinsci/jenkins/9598","daniel-beck","2024-08"
"jenkinsci/jenkins/9598","krystaltt","2024-08"
"jenkinsci/jenkins/9598","daniel-beck","2024-08"
"jenkinsci/jenkins/9598","krystaltt","2024-08"
"jenkinsci/jenkins/9598","mawinter69","2024-08"
"jenkinsci/jenkins/9598","daniel-beck","2024-08"
"jenkinsci/tap-plugin/40","kinow","2024-08"
"jenkinsci/acceptance-test-harness/1665","MarkEWaite","2024-08"
"jenkinsci/bom/3452","MarkEWaite","2024-08"
"jenkinsci/jenkins/9594","jeromepochat","2024-08"
"jenkinsci/jenkins/9594","jeromepochat","2024-08"
"jenkinsci/jenkins/9594","basil","2024-08"
"jenkinsci/jenkins/9594","basil","2024-08"
"jenkinsci/jenkins/9594","basil","2024-08"
"jenkinsci/jenkins/9594","NotMyFault","2024-08"
"jenkinsci/jenkins/9594","basil","2024-08"
"jenkinsci/build-timeout-plugin/132","krisstern","2024-08"
"jenkinsci/generic-tool-plugin/3","daniel-beck","2024-08"
"jenkinsci/ftp-rename-plugin/18","strangelookingnerd","2024-08"
"jenkinsci/autocomplete-parameter-plugin/22","strangelookingnerd","2024-08"
"jenkinsci/ec2-cloud-axis-plugin/19","MarkEWaite","2024-08"
"jenkinsci/elasticbox-plugin/62","allyourbotsarebelongtous","2024-08"
"jenkinsci/backup-plugin/10","MarkEWaite","2024-08"
"jenkinsci/join-plugin/24","strangelookingnerd","2024-08"
"jenkinsci/plasticscm-plugin/75","mig42","2024-08"
"jenkinsci/plasticscm-plugin/75","mig42","2024-08"
"jenkinsci/plasticscm-plugin/75","strangelookingnerd","2024-08"
"jenkinsci/plasticscm-plugin/75","mig42","2024-08"
"jenkinsci/plasticscm-plugin/75","mig42","2024-08"
"jenkinsci/ssh-plugin/24","MarkEWaite","2024-08"
"jenkinsci/misra-compliance-report-generator-plugin/26","strangelookingnerd","2024-08"
"jenkinsci/hpe-application-automation-tools-plugin/675","AppVeyorBot","2024-08"
"jenkinsci/huaweicloud-ecs-plugin/90","strangelookingnerd","2024-08"
"jenkinsci/next-build-number-plugin/23","akomakom","2024-08"
"jenkinsci/next-build-number-plugin/23","strangelookingnerd","2024-08"
"jenkinsci/next-build-number-plugin/23","akomakom","2024-08"
"jenkinsci/codesonar-plugin/8","strangelookingnerd","2024-08"
"jenkinsci/filesystem_scm-plugin/17","strangelookingnerd","2024-08"
"jenkinsci/mac-plugin/31","strangelookingnerd","2024-08"
"jenkinsci/modernstatus-plugin/9","strangelookingnerd","2024-08"
"jenkinsci/remoting-opentelemetry-plugin/179","strangelookingnerd","2024-08"
"jenkinsci/openshift-sync-plugin/128","strangelookingnerd","2024-08"
"jenkinsci/repository-connector-plugin/66","strangelookingnerd","2024-08"
"jenkinsci/windows-slaves-plugin/43","jtnord","2024-08"
"jenkinsci/sonic-ci-helper-plugin/55","strangelookingnerd","2024-08"
"jenkinsci/github-pr-comment-build-plugin/70","strangelookingnerd","2024-08"
"jenkinsci/uipath-automation-package-plugin/174","strangelookingnerd","2024-08"
"jenkinsci/build-time-blame-plugin/65","strangelookingnerd","2024-08"
"jenkinsci/appcenter-plugin/73","strangelookingnerd","2024-08"
"jenkinsci/tekton-client-plugin/361","strangelookingnerd","2024-08"
"jenkinsci/digitalocean-plugin/71","strangelookingnerd","2024-08"
"jenkinsci/code-coverage-api-plugin/805","MarkEWaite","2024-08"
"jenkinsci/mesos-plugin/422","strangelookingnerd","2024-08"
"jenkinsci/plugin-modernizer-tool/168","jonesbusy","2024-08"
"jenkinsci/workflow-cps-plugin/917","dwnusbaum","2024-08"
"jenkinsci/workflow-cps-plugin/917","jglick","2024-08"
"jenkinsci/workflow-cps-plugin/917","jglick","2024-08"
"jenkinsci/workflow-cps-plugin/917","dwnusbaum","2024-08"
"jenkinsci/workflow-cps-plugin/917","dwnusbaum","2024-08"
"jenkinsci/workflow-cps-plugin/917","dwnusbaum","2024-08"
"jenkinsci/workflow-cps-plugin/917","jglick","2024-08"
"jenkinsci/jenkins/9591","timja","2024-08"
"jenkinsci/workflow-api-plugin/349","dwnusbaum","2024-08"
"jenkinsci/workflow-api-plugin/349","dwnusbaum","2024-08"
"jenkinsci/workflow-api-plugin/349","jglick","2024-08"
"jenkinsci/workflow-api-plugin/349","dwnusbaum","2024-08"
"jenkinsci/workflow-api-plugin/349","dwnusbaum","2024-08"
"jenkinsci/workflow-api-plugin/349","dwnusbaum","2024-08"
"jenkinsci/jenkins/9590","basil","2024-08"
"jenkinsci/jenkins/9590","MarkEWaite","2024-08"
"jenkinsci/jenkins/9590","MarkEWaite","2024-08"
"jenkinsci/jenkins/9590","basil","2024-08"
"jenkinsci/jenkins/9590","daniel-beck","2024-08"
"jenkinsci/jenkins/9590","MarkEWaite","2024-08"
"jenkinsci/jenkins/9590","basil","2024-08"
"jenkinsci/jenkins/9590","daniel-beck","2024-08"
"jenkinsci/jenkins/9590","basil","2024-08"
"jenkinsci/jenkins/9590","MarkEWaite","2024-08"
"jenkinsci/jenkins/9590","basil","2024-08"
"jenkinsci/jenkins/9590","basil","2024-08"
"jenkinsci/jenkins/9590","basil","2024-08"
"jenkinsci/jenkins/9590","basil","2024-08"
"jenkinsci/jenkins/9590","basil","2024-08"
"jenkinsci/jenkins/9590","basil","2024-08"
"jenkinsci/jenkins/9590","basil","2024-08"
"jenkinsci/jenkins/9590","basil","2024-08"
"jenkinsci/jenkins/9590","basil","2024-08"
"jenkinsci/jenkins/9590","basil","2024-08"
"jenkinsci/jenkins/9590","basil","2024-08"
"jenkinsci/jenkins/9590","basil","2024-08"
"jenkinsci/jenkins/9590","basil","2024-08"
"jenkinsci/jenkins/9590","basil","2024-08"
"jenkinsci/jenkins/9590","basil","2024-08"
"jenkinsci/jenkins/9590","MarkEWaite","2024-08"
"jenkinsci/jenkins/9590","BorisYaoA","2024-08"
"jenkinsci/jenkins/9590","alecharp","2024-08"
"jenkinsci/jenkins/9590","Kevin-CB","2024-08"
"jenkinsci/opentelemetry-api-plugin/14","cyrille-leclerc","2024-08"
"jenkinsci/helm-charts/1166","h0tw1r3","2024-08"
"jenkinsci/helm-charts/1166","timja","2024-08"
"jenkinsci/helm-charts/1166","h0tw1r3","2024-08"
"jenkinsci/helm-charts/1166","timja","2024-08"
"jenkinsci/workflow-cps-plugin/916","dwnusbaum","2024-08"
"jenkinsci/workflow-cps-plugin/916","dwnusbaum","2024-08"
"jenkinsci/workflow-cps-plugin/916","dwnusbaum","2024-08"
"jenkinsci/workflow-cps-plugin/916","dwnusbaum","2024-08"
"jenkinsci/workflow-cps-plugin/916","dwnusbaum","2024-08"
"jenkinsci/workflow-cps-plugin/916","dwnusbaum","2024-08"
"jenkinsci/workflow-cps-plugin/916","jglick","2024-08"
"jenkinsci/workflow-cps-plugin/916","jglick","2024-08"
"jenkinsci/workflow-cps-plugin/916","dwnusbaum","2024-08"
"jenkinsci/workflow-cps-plugin/916","jglick","2024-08"
"jenkinsci/workflow-cps-plugin/916","dwnusbaum","2024-08"
"jenkinsci/workflow-cps-plugin/916","dwnusbaum","2024-08"
"jenkinsci/workflow-cps-plugin/916","dwnusbaum","2024-08"
"jenkinsci/workflow-cps-plugin/916","jglick","2024-08"
"jenkinsci/summary_report-plugin/32","mPokornyETM","2024-08"
"jenkinsci/solarized-theme-plugin/78","strangelookingnerd","2024-08"
"jenkinsci/sectioned-view-plugin/41","strangelookingnerd","2024-08"
"jenkinsci/report-jtreg-plugin/35","judovana","2024-08"
"jenkinsci/provar-automation-plugin/19","mrdailey99","2024-08"
"jenkinsci/msbuild-plugin/147","tilalx","2024-08"
"jenkinsci/mathworks-polyspace-plugin/6","sbobin","2024-08"
"jenkinsci/mathworks-polyspace-plugin/6","strangelookingnerd","2024-08"
"jenkinsci/mathworks-polyspace-plugin/6","sbobin","2024-08"
"jenkinsci/mathworks-polyspace-plugin/6","sbobin","2024-08"
"jenkinsci/material-theme-plugin/87","strangelookingnerd","2024-08"
"jenkinsci/kerberos-sso-plugin/66","strangelookingnerd","2024-08"
"jenkinsci/generic-environment-filters-plugin/4","strangelookingnerd","2024-08"
"jenkinsci/environment-filter-utils-plugin/3","strangelookingnerd","2024-08"
"jenkinsci/ctrf-json-plugin/12","strangelookingnerd","2024-08"
"jenkinsci/configure-job-column-plugin/111","strangelookingnerd","2024-08"
"jenkinsci/cmakebuilder-plugin/16","strangelookingnerd","2024-08"
"jenkinsci/cctray-xml-plugin/61","rahulsom","2024-08"
"jenkinsci/build-history-manager-plugin/138","strangelookingnerd","2024-08"
"jenkinsci/build-history-manager-plugin/138","damianszczepanik","2024-08"
"jenkinsci/appscan-plugin/225","strangelookingnerd","2024-08"
"jenkinsci/thin-backup-plugin/147","StefanSpieker","2024-08"
"jenkinsci/parameterized-scheduler-plugin/238","strangelookingnerd","2024-08"
"jenkinsci/oic-auth-plugin/363","michael-doubez","2024-08"
"jenkinsci/mercurial-plugin/281","MarkEWaite","2024-08"
"jenkinsci/mail-watcher-plugin/110","StefanSpieker","2024-08"
"jenkinsci/gitlab-plugin/1676","MarkEWaite","2024-08"
"jenkinsci/sysdig-secure-plugin/97","aaron-sysdig","2024-08"
"jenkinsci/sysdig-secure-plugin/97","tembleking","2024-08"
"jenkinsci/sysdig-secure-plugin/97","tembleking","2024-08"
"jenkinsci/sysdig-secure-plugin/97","tembleking","2024-08"
"jenkinsci/sysdig-secure-plugin/97","tembleking","2024-08"
"jenkinsci/sysdig-secure-plugin/97","tembleking","2024-08"
"jenkinsci/sysdig-secure-plugin/97","tembleking","2024-08"
"jenkinsci/sysdig-secure-plugin/97","tembleking","2024-08"
"jenkinsci/sysdig-secure-plugin/97","tembleking","2024-08"
"jenkinsci/sysdig-secure-plugin/97","tembleking","2024-08"
"jenkinsci/sysdig-secure-plugin/97","tembleking","2024-08"
"jenkinsci/sysdig-secure-plugin/97","tembleking","2024-08"
"jenkinsci/sysdig-secure-plugin/97","tembleking","2024-08"
"jenkinsci/sysdig-secure-plugin/97","tembleking","2024-08"
"jenkinsci/sysdig-secure-plugin/97","tembleking","2024-08"
"jenkinsci/sysdig-secure-plugin/97","tembleking","2024-08"
"jenkinsci/sysdig-secure-plugin/97","tembleking","2024-08"
"jenkinsci/sysdig-secure-plugin/97","tembleking","2024-08"
"jenkinsci/sysdig-secure-plugin/97","tembleking","2024-08"
"jenkinsci/sysdig-secure-plugin/97","tembleking","2024-08"
"jenkinsci/sysdig-secure-plugin/97","tembleking","2024-08"
"jenkinsci/sysdig-secure-plugin/97","lior-alafi-work","2024-08"
"jenkinsci/sysdig-secure-plugin/97","lior-alafi-work","2024-08"
"jenkinsci/docker-agent/854","dduportal","2024-08"
"jenkinsci/docker-agent/854","dduportal","2024-08"
"jenkinsci/docker-agent/854","dduportal","2024-08"
"jenkinsci/jenkins/9587","MarkEWaite","2024-08"
"jenkinsci/jenkins/9587","MarkEWaite","2024-08"
"jenkinsci/jenkins/9586","basil","2024-08"
"jenkinsci/http-request-plugin/174","gounthar","2024-08"
"jenkinsci/jenkins/9572","viceice","2024-08"
"jenkinsci/jenkins/9572","basil","2024-08"
"jenkinsci/jenkins/9572","viceice","2024-08"
"jenkinsci/jenkins/9572","basil","2024-08"
"jenkinsci/remoting/757","jglick","2024-08"
"jenkinsci/jenkins/9567","basil","2024-08"
"jenkinsci/github-oauth-plugin/267","MarkEWaite","2024-08"
"jenkinsci/acceptance-test-harness/1664","basil","2024-08"
"jenkinsci/plugin-modernizer-tool/161","jonesbusy","2024-08"
"jenkinsci/plugin-modernizer-tool/161","sridamul","2024-08"
"jenkinsci/plugin-modernizer-tool/161","jonesbusy","2024-08"
"jenkinsci/wxwork-notification-plugin/42","nekoimi","2024-08"
"jenkinsci/google-storage-plugin/311","alecharp","2024-08"
"jenkinsci/wxwork-notification-plugin/41","nekoimi","2024-08"
"jenkinsci/okhttp-api-plugin/209","alecharp","2024-08"
"jenkinsci/blueocean-autofavorite-plugin/143","strangelookingnerd","2024-08"
"jenkinsci/branch-api-plugin/474","strangelookingnerd","2024-08"
"jenkinsci/git-client-plugin/1168","basil","2024-08"
"jenkinsci/subversion-plugin/306","jglick","2024-08"
"jenkinsci/bom/3432","MarkEWaite","2024-08"
"jenkinsci/workflow-api-plugin/347","dwnusbaum","2024-08"
"jenkinsci/workflow-api-plugin/347","dwnusbaum","2024-08"
"jenkinsci/workflow-api-plugin/347","dwnusbaum","2024-08"
"jenkinsci/workflow-api-plugin/347","dwnusbaum","2024-08"
"jenkinsci/workflow-api-plugin/347","dwnusbaum","2024-08"
"jenkinsci/workflow-api-plugin/347","dwnusbaum","2024-08"
"jenkinsci/workflow-api-plugin/347","dwnusbaum","2024-08"
"jenkinsci/workflow-api-plugin/347","dwnusbaum","2024-08"
"jenkinsci/workflow-api-plugin/347","dwnusbaum","2024-08"
"jenkinsci/workflow-api-plugin/347","dwnusbaum","2024-08"
"jenkinsci/workflow-api-plugin/347","jglick","2024-08"
"jenkinsci/workflow-api-plugin/347","jglick","2024-08"
"jenkinsci/workflow-api-plugin/347","jglick","2024-08"
"jenkinsci/workflow-api-plugin/347","jglick","2024-08"
"jenkinsci/workflow-api-plugin/347","dwnusbaum","2024-08"
"jenkinsci/workflow-api-plugin/347","dwnusbaum","2024-08"
"jenkinsci/workflow-api-plugin/347","dwnusbaum","2024-08"
"jenkinsci/git-plugin/1628","jglick","2024-08"
"jenkinsci/git-plugin/1628","MarkEWaite","2024-08"
"jenkinsci/git-client-plugin/1166","MarkEWaite","2024-08"
"jenkinsci/asm-api-plugin/36","basil","2024-08"
"jenkinsci/asm-api-plugin/36","strangelookingnerd","2024-08"
"jenkinsci/asm-api-plugin/36","basil","2024-08"
"jenkinsci/asm-api-plugin/36","jonesbusy","2024-08"
"jenkinsci/asm-api-plugin/36","strangelookingnerd","2024-08"
"jenkinsci/asm-api-plugin/36","basil","2024-08"
"jenkinsci/asm-api-plugin/36","basil","2024-08"
"jenkinsci/asm-api-plugin/36","a-zitzewitz","2024-08"
"jenkinsci/durable-task-plugin/224","jglick","2024-08"
"jenkinsci/durable-task-plugin/224","jtnord","2024-08"
"jenkinsci/durable-task-plugin/224","Vlatombe","2024-08"
"jenkinsci/sonar-quality-gates-plugin/23","arkanjoms","2024-08"
"jenkinsci/docker-ssh-agent/446","dduportal","2024-08"
"jenkinsci/docker-agent/850","dduportal","2024-08"
"jenkinsci/acceptance-test-harness/1662","dduportal","2024-08"
"jenkinsci/acceptance-test-harness/1662","dduportal","2024-08"
"jenkinsci/acceptance-test-harness/1662","basil","2024-08"
"jenkinsci/plugin-modernizer-tool/159","jonesbusy","2024-08"
"jenkinsci/plugin-modernizer-tool/159","jonesbusy","2024-08"
"jenkinsci/anchore-container-scanner-plugin/70","bradleyjones","2024-08"
"jenkinsci/workflow-cps-plugin/915","jtnord","2024-08"
"jenkinsci/workflow-cps-plugin/915","jglick","2024-08"
"jenkinsci/durable-task-plugin/221","MarkEWaite","2024-08"
"jenkinsci/plugin-modernizer-tool/158","jonesbusy","2024-08"
"jenkinsci/plugin-modernizer-tool/158","jonesbusy","2024-08"
"jenkinsci/plugin-modernizer-tool/158","gounthar","2024-08"
"jenkinsci/plugin-modernizer-tool/157","jonesbusy","2024-08"
"jenkinsci/plugin-modernizer-tool/157","jonesbusy","2024-08"
"jenkinsci/active-directory-plugin/196","jtnord","2024-08"
"jenkinsci/active-directory-plugin/196","basil","2024-08"
"jenkinsci/active-directory-plugin/196","jglick","2024-08"
"jenkinsci/active-directory-plugin/196","jtnord","2024-08"
"jenkinsci/active-directory-plugin/196","jtnord","2024-08"
"jenkinsci/active-directory-plugin/196","jtnord","2024-08"
"jenkinsci/active-directory-plugin/196","jtnord","2024-08"
"jenkinsci/active-directory-plugin/196","jtnord","2024-08"
"jenkinsci/active-directory-plugin/196","jtnord","2024-08"
"jenkinsci/active-directory-plugin/196","jtnord","2024-08"
"jenkinsci/active-directory-plugin/196","jtnord","2024-08"
"jenkinsci/active-directory-plugin/196","jtnord","2024-08"
"jenkinsci/active-directory-plugin/196","jglick","2024-08"
"jenkinsci/active-directory-plugin/196","jglick","2024-08"
"jenkinsci/active-directory-plugin/196","jglick","2024-08"
"jenkinsci/active-directory-plugin/196","jglick","2024-08"
"jenkinsci/active-directory-plugin/196","jglick","2024-08"
"jenkinsci/active-directory-plugin/196","jtnord","2024-08"
"jenkinsci/active-directory-plugin/196","jtnord","2024-08"
"jenkinsci/active-directory-plugin/196","jtnord","2024-08"
"jenkinsci/active-directory-plugin/196","jtnord","2024-08"
"jenkinsci/active-directory-plugin/196","jtnord","2024-08"
"jenkinsci/active-directory-plugin/196","jtnord","2024-08"
"jenkinsci/active-directory-plugin/196","jtnord","2024-08"
"jenkinsci/active-directory-plugin/196","jtnord","2024-08"
"jenkinsci/active-directory-plugin/196","jglick","2024-08"
"jenkinsci/active-directory-plugin/196","jglick","2024-08"
"jenkinsci/plugin-modernizer-tool/156","sridamul","2024-08"
"jenkinsci/plugin-modernizer-tool/156","sridamul","2024-08"
"jenkinsci/git-plugin/1627","MarkEWaite","2024-08"
"jenkinsci/nested-view-plugin/47","judovana","2024-08"
"jenkinsci/git-plugin/1625","MarkEWaite","2024-08"
"jenkinsci/bom/3425","MarkEWaite","2024-08"
"jenkinsci/checkmarx-ast-scanner-plugin/304","AlvoBen","2024-08"
"jenkinsci/checkmarx-ast-scanner-plugin/304","tamarleviCm","2024-08"
"jenkinsci/jenkins/9522","timja","2024-08"
"jenkinsci/jenkins/9522","MarkEWaite","2024-08"
"jenkinsci/git-plugin/1619","MarkEWaite","2024-08"
"jenkinsci/jenkins/9521","janfaracik","2024-08"
"jenkinsci/jenkins/9521","timja","2024-08"
"jenkinsci/jenkins/9521","janfaracik","2024-08"
"jenkinsci/jenkins/9521","janfaracik","2024-08"
"jenkinsci/jenkins/9521","timja","2024-08"
"jenkinsci/jenkins/9521","daniel-beck","2024-08"
"jenkinsci/jenkins/9521","daniel-beck","2024-08"
"jenkinsci/jenkins/9521","janfaracik","2024-08"
"jenkinsci/plugin-modernizer-tool/147","jonesbusy","2024-08"
"jenkinsci/plugin-modernizer-tool/147","sridamul","2024-08"
"jenkinsci/plugin-modernizer-tool/147","jonesbusy","2024-08"
"jenkinsci/plugin-modernizer-tool/147","jonesbusy","2024-08"
"jenkinsci/plugin-modernizer-tool/147","jonesbusy","2024-08"
"jenkinsci/plugin-modernizer-tool/147","jonesbusy","2024-08"
"jenkinsci/plugin-modernizer-tool/147","jonesbusy","2024-08"
"jenkinsci/plugin-modernizer-tool/147","jonesbusy","2024-08"
"jenkinsci/plugin-modernizer-tool/147","jonesbusy","2024-08"
"jenkinsci/plugin-modernizer-tool/147","jonesbusy","2024-08"
"jenkinsci/plugin-modernizer-tool/147","jonesbusy","2024-08"
"jenkinsci/plugin-modernizer-tool/147","jonesbusy","2024-08"
"jenkinsci/plugin-modernizer-tool/147","sridamul","2024-08"
"jenkinsci/job-config-history-plugin/321","jglick","2024-08"
"jenkinsci/job-config-history-plugin/321","jglick","2024-08"
"jenkinsci/job-config-history-plugin/321","StefanSpieker","2024-08"
"jenkinsci/snyk-security-scanner-plugin/150","PeterSchafer","2024-08"
"jenkinsci/snyk-security-scanner-plugin/150","PeterSchafer","2024-08"
"jenkinsci/synopsys-detect-plugin/60","niravrsynopsys","2024-08"
"jenkinsci/synopsys-detect-plugin/60","andrian-sevastyanov","2024-08"
"jenkinsci/jenkins/9520","janfaracik","2024-08"
"jenkinsci/jenkins/9520","mawinter69","2024-08"
"jenkinsci/jenkins/9520","janfaracik","2024-08"
"jenkinsci/jenkins/9520","scherler","2024-08"
"jenkinsci/jenkins/9520","timja","2024-08"
"jenkinsci/jenkins/9520","daniel-beck","2024-08"
"jenkinsci/jenkins/9520","scherler","2024-08"
"jenkinsci/hpe-application-automation-tools-plugin/674","AppVeyorBot","2024-08"
"jenkinsci/hpe-application-automation-tools-plugin/674","AppVeyorBot","2024-08"
"jenkinsci/hpe-application-automation-tools-plugin/674","AppVeyorBot","2024-08"
"jenkinsci/hpe-application-automation-tools-plugin/674","AppVeyorBot","2024-08"
"jenkinsci/hpe-application-automation-tools-plugin/674","AppVeyorBot","2024-08"
"jenkinsci/hpe-application-automation-tools-plugin/674","AppVeyorBot","2024-08"
"jenkinsci/hpe-application-automation-tools-plugin/674","AppVeyorBot","2024-08"
"jenkinsci/hpe-application-automation-tools-plugin/674","AppVeyorBot","2024-08"
"jenkinsci/hpe-application-automation-tools-plugin/674","AppVeyorBot","2024-08"
"jenkinsci/hpe-application-automation-tools-plugin/674","AppVeyorBot","2024-08"
"jenkinsci/hpe-application-automation-tools-plugin/674","AppVeyorBot","2024-08"
"jenkinsci/hpe-application-automation-tools-plugin/674","AppVeyorBot","2024-08"
"jenkinsci/hpe-application-automation-tools-plugin/674","AppVeyorBot","2024-08"
"jenkinsci/plugin-modernizer-tool/146","jonesbusy","2024-08"
"jenkinsci/plugin-modernizer-tool/145","sridamul","2024-08"
"jenkinsci/jenkins/9519","timja","2024-08"
"jenkinsci/jenkins/9519","timja","2024-08"
"jenkinsci/jenkins/9519","mawinter69","2024-08"
"jenkinsci/jenkins/9519","timja","2024-08"
"jenkinsci/jenkins/9519","mawinter69","2024-08"
"jenkinsci/plugin-modernizer-tool/141","jonesbusy","2024-08"
"jenkinsci/plugin-modernizer-tool/141","jonesbusy","2024-08"
"jenkinsci/plugin-modernizer-tool/141","jonesbusy","2024-08"
"jenkinsci/plugin-modernizer-tool/141","gounthar","2024-08"
"jenkinsci/plugin-modernizer-tool/140","gounthar","2024-08"
"jenkinsci/bitbucket-branch-source-plugin/867","dwnusbaum","2024-08"
"jenkinsci/bitbucket-branch-source-plugin/867","dwnusbaum","2024-08"
"jenkinsci/bitbucket-branch-source-plugin/867","Dohbedoh","2024-08"
"jenkinsci/bitbucket-branch-source-plugin/867","Dohbedoh","2024-08"
"jenkinsci/bitbucket-branch-source-plugin/867","Dohbedoh","2024-08"
"jenkinsci/plugin-modernizer-tool/247","sridamul","2024-08"
"jenkinsci/plugin-modernizer-tool/246","gounthar","2024-08"
"jenkinsci/build-user-vars-plugin/138","fabiodcasilva","2024-08"
"jenkinsci/build-user-vars-plugin/138","basil","2024-08"
"jenkinsci/jenkins-test-harness/825","olamy","2024-08"
"jenkinsci/plugin-modernizer-tool/245","gounthar","2024-08"
"jenkinsci/matrix-auth-plugin/163","daniel-beck","2024-08"
"jenkinsci/custom-folder-icon-plugin/373","jonesbusy","2024-08"
"jenkinsci/custom-folder-icon-plugin/373","strangelookingnerd","2024-08"
"jenkinsci/custom-folder-icon-plugin/373","jonesbusy","2024-08"
"jenkinsci/custom-folder-icon-plugin/373","strangelookingnerd","2024-08"
"jenkinsci/custom-folder-icon-plugin/373","strangelookingnerd","2024-08"
"jenkinsci/custom-folder-icon-plugin/373","strangelookingnerd","2024-08"
"jenkinsci/custom-folder-icon-plugin/373","strangelookingnerd","2024-08"
"jenkinsci/custom-folder-icon-plugin/373","strangelookingnerd","2024-08"
"jenkinsci/custom-folder-icon-plugin/373","strangelookingnerd","2024-08"
"jenkinsci/custom-folder-icon-plugin/373","strangelookingnerd","2024-08"
"jenkinsci/custom-folder-icon-plugin/373","strangelookingnerd","2024-08"
"jenkinsci/pipeline-graph-view-plugin/491","timja","2024-08"
"jenkinsci/docker-agent/866","dduportal","2024-08"
"jenkinsci/bitbucket-push-and-pull-request-plugin/339","julioc-p","2024-08"
"jenkinsci/description-setter-plugin/50","MarkEWaite","2024-08"
"jenkinsci/slack-plugin/1004","timja","2024-08"
"jenkinsci/slack-plugin/1004","timja","2024-08"
"jenkinsci/build-history-metrics-plugin/40","jonesbusy","2024-08"
"jenkinsci/build-history-metrics-plugin/40","NotMyFault","2024-08"
"jenkinsci/build-history-metrics-plugin/40","jonesbusy","2024-08"
"jenkinsci/mina-sshd-api-plugin/114","olamy","2024-08"
"jenkinsci/winstone/409","MarkEWaite","2024-08"
"jenkinsci/plugin-compat-tester/701","basil","2024-08"
"jenkinsci/plugin-compat-tester/701","jtnord","2024-08"
"jenkinsci/bom/3507","basil","2024-08"
"jenkinsci/badge-plugin/184","MarkEWaite","2024-08"
"jenkinsci/plugin-modernizer-tool/233","sridamul","2024-08"
"jenkinsci/plugin-modernizer-tool/233","gounthar","2024-08"
"jenkinsci/hpe-application-automation-tools-plugin/679","AppVeyorBot","2024-08"
"jenkinsci/jenkins/9674","Vlatombe","2024-08"
"jenkinsci/jenkins/9674","Vlatombe","2024-08"
"jenkinsci/jenkins/9674","Vlatombe","2024-08"
"jenkinsci/jenkins/9674","Vlatombe","2024-08"
"jenkinsci/jenkins/9674","jglick","2024-08"
"jenkinsci/jenkins/9674","jglick","2024-08"
"jenkinsci/jenkins/9674","jglick","2024-08"
"jenkinsci/jenkins/9674","jglick","2024-08"
"jenkinsci/jenkins/9674","jglick","2024-08"
"jenkinsci/jenkins/9674","Vlatombe","2024-08"
"jenkinsci/jenkins/9673","jglick","2024-08"
"jenkinsci/jenkins/9673","Vlatombe","2024-08"
"jenkinsci/jenkins/9673","jglick","2024-08"
"jenkinsci/jenkins/9673","Vlatombe","2024-08"
"jenkinsci/jenkins/9673","jglick","2024-08"
"jenkinsci/bom/3505","MarkEWaite","2024-08"
"jenkinsci/promoted-builds-plugin/286","basil","2024-08"
"jenkinsci/promoted-builds-plugin/286","basil","2024-08"
"jenkinsci/promoted-builds-plugin/286","MarkEWaite","2024-08"
"jenkinsci/promoted-builds-plugin/286","basil","2024-08"
"jenkinsci/maven-hpi-plugin/652","basil","2024-08"
"jenkinsci/jenkins/9672","basil","2024-08"
"jenkinsci/jenkins/9672","MarkEWaite","2024-08"
"jenkinsci/jenkins/9672","vwagh-dev","2024-08"
"jenkinsci/configuration-as-code-plugin/2552","basil","2024-08"
"jenkinsci/bom/3502","MarkEWaite","2024-08"
"jenkinsci/bom/3502","basil","2024-08"
"jenkinsci/bom/3502","basil","2024-08"
"jenkinsci/pom/603","basil","2024-08"
"jenkinsci/pom/601","basil","2024-08"
"jenkinsci/jenkins/9667","scherler","2024-08"
"jenkinsci/jenkins/9667","janfaracik","2024-08"
"jenkinsci/jenkins/9667","scherler","2024-08"
"jenkinsci/jenkins/9667","janfaracik","2024-08"
"jenkinsci/jenkins/9667","timja","2024-08"
"jenkinsci/jenkins/9667","timja","2024-08"
"jenkinsci/jenkins/9667","timja","2024-08"
"jenkinsci/jenkins/9667","janfaracik","2024-08"
"jenkinsci/jenkins/9667","scherler","2024-08"
"jenkinsci/jenkins/9667","timja","2024-08"
"jenkinsci/bom/3494","basil","2024-08"
"jenkinsci/report-jtreg-plugin/37","patrikcerbak","2024-08"
"jenkinsci/report-jtreg-plugin/37","judovana","2024-08"
"jenkinsci/hpe-application-automation-tools-plugin/678","AppVeyorBot","2024-08"
"jenkinsci/stapler/577","timja","2024-08"
"jenkinsci/stapler/577","Wadeck","2024-08"
"jenkinsci/stapler/577","timja","2024-08"
"jenkinsci/stapler/577","Wadeck","2024-08"
"jenkinsci/jenkins/9665","jglick","2024-08"
"jenkinsci/jenkins/9665","MarkEWaite","2024-08"
"jenkinsci/jenkins/9665","MarkEWaite","2024-08"
"jenkinsci/jenkins/9665","jglick","2024-08"
"jenkinsci/jenkins/9665","jglick","2024-08"
"jenkinsci/job-dsl-plugin/1453","basil","2024-08"
"jenkinsci/job-dsl-plugin/1453","basil","2024-08"
"jenkinsci/pipeline-model-definition-plugin/736","jglick","2024-08"
"jenkinsci/workflow-cps-plugin/929","jglick","2024-08"
"jenkinsci/workflow-cps-plugin/929","dwnusbaum","2024-08"
"jenkinsci/workflow-cps-plugin/929","jglick","2024-08"
"jenkinsci/workflow-cps-plugin/929","dwnusbaum","2024-08"
"jenkinsci/workflow-cps-plugin/929","jglick","2024-08"
"jenkinsci/configuration-as-code-plugin/2551","timja","2024-08"
"jenkinsci/configuration-as-code-plugin/2551","basil","2024-08"
"jenkinsci/configuration-as-code-plugin/2551","mawinter69","2024-08"
"jenkinsci/configuration-as-code-plugin/2551","basil","2024-08"
"jenkinsci/configuration-as-code-plugin/2551","mawinter69","2024-08"
"jenkinsci/configuration-as-code-plugin/2551","basil","2024-08"
"jenkinsci/configuration-as-code-plugin/2551","mawinter69","2024-08"
"jenkinsci/configuration-as-code-plugin/2551","basil","2024-08"
"jenkinsci/configuration-as-code-plugin/2551","timja","2024-08"
"jenkinsci/configuration-as-code-plugin/2551","timja","2024-08"
"jenkinsci/configuration-as-code-plugin/2551","mawinter69","2024-08"
"jenkinsci/configuration-as-code-plugin/2551","timja","2024-08"
"jenkinsci/configuration-as-code-plugin/2551","mawinter69","2024-08"
"jenkinsci/acceptance-test-harness/1690","timja","2024-08"
"jenkinsci/jenkins/9663","MarkEWaite","2024-08"
"jenkinsci/jenkins/9663","MarkEWaite","2024-08"
"jenkinsci/jenkins/9663","jglick","2024-08"
"jenkinsci/acceptance-test-harness/1687","timja","2024-08"
"jenkinsci/bom/3490","basil","2024-08"
"jenkinsci/jenkins/9662","MarkEWaite","2024-08"
"jenkinsci/jenkins/9662","timja","2024-08"
"jenkinsci/git-plugin/1646","MarkEWaite","2024-08"
"jenkinsci/git-plugin/1646","MarkEWaite","2024-08"
"jenkinsci/git-plugin/1646","mohdishaq786","2024-08"
"jenkinsci/git-plugin/1646","mohdishaq786","2024-08"
"jenkinsci/git-plugin/1646","MarkEWaite","2024-08"
"jenkinsci/git-plugin/1646","mohdishaq786","2024-08"
"jenkinsci/git-plugin/1646","MarkEWaite","2024-08"
"jenkinsci/ecutest-plugin/715","ErikRehmTT","2024-08"
"jenkinsci/plugin-modernizer-tool/231","jonesbusy","2024-08"
"jenkinsci/plugin-modernizer-tool/230","sridamul","2024-08"
"jenkinsci/plugin-modernizer-tool/230","gounthar","2024-08"
"jenkinsci/jenkins/9661","daniel-beck","2024-08"
"jenkinsci/jenkins/9661","qyl27","2024-08"
"jenkinsci/jenkins/9661","timja","2024-08"
"jenkinsci/jenkins/9658","timja","2024-08"
"jenkinsci/plugin-modernizer-tool/226","gounthar","2024-08"
"jenkinsci/plugin-modernizer-tool/226","jonesbusy","2024-08"
"jenkinsci/plugin-modernizer-tool/226","gounthar","2024-08"
"jenkinsci/plugin-modernizer-tool/226","jonesbusy","2024-08"
"jenkinsci/plugin-modernizer-tool/226","jonesbusy","2024-08"
"jenkinsci/plugin-modernizer-tool/226","gounthar","2024-08"
"jenkinsci/plugin-modernizer-tool/226","sridamul","2024-08"
"jenkinsci/plugin-modernizer-tool/223","gounthar","2024-08"
"jenkinsci/plugin-modernizer-tool/223","sridamul","2024-08"
"jenkinsci/workflow-cps-plugin/925","jglick","2024-08"
"jenkinsci/workflow-cps-plugin/925","jglick","2024-08"
"jenkinsci/workflow-cps-plugin/925","dwnusbaum","2024-08"
"jenkinsci/workflow-cps-plugin/925","jglick","2024-08"
"jenkinsci/workflow-cps-plugin/925","jglick","2024-08"
"jenkinsci/workflow-cps-plugin/925","jglick","2024-08"
"jenkinsci/workflow-cps-plugin/925","dwnusbaum","2024-08"
"jenkinsci/jenkins/9654","janfaracik","2024-08"
"jenkinsci/jenkins/9654","NotMyFault","2024-08"
"jenkinsci/jenkins/9654","timja","2024-08"
"jenkinsci/plugin-modernizer-tool/222","jonesbusy","2024-08"
"jenkinsci/plugin-modernizer-tool/222","jonesbusy","2024-08"
"jenkinsci/plugin-modernizer-tool/222","sridamul","2024-08"
"jenkinsci/plugin-modernizer-tool/222","sridamul","2024-08"
"jenkinsci/plugin-modernizer-tool/222","sridamul","2024-08"
"jenkinsci/plugin-modernizer-tool/222","jonesbusy","2024-08"
"jenkinsci/plugin-modernizer-tool/222","jonesbusy","2024-08"
"jenkinsci/plugin-modernizer-tool/222","sridamul","2024-08"
"jenkinsci/plugin-modernizer-tool/221","gounthar","2024-08"
"jenkinsci/workflow-cps-plugin/923","jglick","2024-08"
"jenkinsci/workflow-cps-plugin/923","jglick","2024-08"
"jenkinsci/jenkins/9653","jglick","2024-08"
"jenkinsci/jenkins/9653","dwnusbaum","2024-08"
"jenkinsci/jenkins/9653","dwnusbaum","2024-08"
"jenkinsci/jenkins/9653","dwnusbaum","2024-08"
"jenkinsci/jenkins/9653","jglick","2024-08"
"jenkinsci/workflow-cps-plugin/922","jglick","2024-08"
"jenkinsci/hashicorp-vault-plugin/336","bluesliverx","2024-08"
"jenkinsci/hashicorp-vault-plugin/336","dwnusbaum","2024-08"
"jenkinsci/hashicorp-vault-plugin/336","bluesliverx","2024-08"
"jenkinsci/hashicorp-vault-plugin/336","dwnusbaum","2024-08"
"jenkinsci/hashicorp-vault-plugin/336","bluesliverx","2024-08"
"jenkinsci/simple-theme-plugin/215","TobiX","2024-08"
"jenkinsci/oic-auth-plugin/373","michael-doubez","2024-08"
"jenkinsci/plasticscm-plugin/80","pablobayarri","2024-08"
"jenkinsci/leapwork-plugin/43","sgpSumit","2024-08"
"jenkinsci/plugin-modernizer-tool/217","jonesbusy","2024-08"
"jenkinsci/plugin-modernizer-tool/217","gounthar","2024-08"
"jenkinsci/stapler/575","daniel-beck","2024-08"
"jenkinsci/stapler/575","basil","2024-08"
"jenkinsci/stapler/575","basil","2024-08"
"jenkinsci/gitlab-branch-source-plugin/438","trinaryouroboros","2024-08"
"jenkinsci/gitlab-branch-source-plugin/438","MarkEWaite","2024-08"
"jenkinsci/gitlab-branch-source-plugin/438","MarkEWaite","2024-08"
"jenkinsci/gitlab-branch-source-plugin/438","MarkEWaite","2024-08"
"jenkinsci/gitlab-branch-source-plugin/438","MarkEWaite","2024-08"
"jenkinsci/gitlab-branch-source-plugin/438","basil","2024-08"
"jenkinsci/jenkins/9649","timja","2024-08"
"jenkinsci/jenkins/9649","StefanSpieker","2024-08"
"jenkinsci/jenkins/9649","janfaracik","2024-08"
"jenkinsci/jenkins/9649","mawinter69","2024-08"
"jenkinsci/hashicorp-vault-plugin/335","jetersen","2024-08"
"jenkinsci/mabl-integration-plugin/72","taylor-fuller","2024-08"
"jenkinsci/mabl-integration-plugin/72","simonychoy","2024-08"
"jenkinsci/junit-plugin/640","olamy","2024-08"
"jenkinsci/junit-plugin/640","dwnusbaum","2024-08"
"jenkinsci/junit-plugin/640","dwnusbaum","2024-08"
"jenkinsci/junit-plugin/640","dwnusbaum","2024-08"
"jenkinsci/junit-plugin/640","dwnusbaum","2024-08"
"jenkinsci/junit-plugin/640","dwnusbaum","2024-08"
"jenkinsci/junit-plugin/640","MarkEWaite","2024-08"
"jenkinsci/jenkins/9648","mawinter69","2024-08"
"jenkinsci/jenkins/9648","timja","2024-08"
"jenkinsci/jenkins/9648","timja","2024-08"
"jenkinsci/jenkins/9648","timja","2024-08"
"jenkinsci/jenkins/9648","SNanda8895","2024-08"
"jenkinsci/plugin-modernizer-tool/216","jonesbusy","2024-08"
"jenkinsci/jenkins/9645","dwnusbaum","2024-08"
"jenkinsci/jenkins/9645","dwnusbaum","2024-08"
"jenkinsci/jenkins/9645","dwnusbaum","2024-08"
"jenkinsci/jenkins/9645","Vlatombe","2024-08"
"jenkinsci/jenkins/9645","Vlatombe","2024-08"
"jenkinsci/jenkins/9645","dwnusbaum","2024-08"
"jenkinsci/jenkins/9645","StefanSpieker","2024-08"
"jenkinsci/jenkins/9645","jglick","2024-08"
"jenkinsci/jenkins/9644","timja","2024-08"
"jenkinsci/jenkins/9644","daniel-beck","2024-08"
"jenkinsci/jenkins/9644","Dohbedoh","2024-08"
"jenkinsci/plugin-modernizer-tool/214","gounthar","2024-08"
"jenkinsci/plugin-modernizer-tool/212","jonesbusy","2024-08"
"jenkinsci/plugin-modernizer-tool/212","jonesbusy","2024-08"
"jenkinsci/plugin-modernizer-tool/212","gounthar","2024-08"
"jenkinsci/cloudbees-folder-plugin/419","jglick","2024-08"
"jenkinsci/cloudbees-folder-plugin/419","jglick","2024-08"
"jenkinsci/jenkins/9641","timja","2024-08"
"jenkinsci/workflow-durable-task-step-plugin/393","jglick","2024-08"
"jenkinsci/workflow-durable-task-step-plugin/393","Vlatombe","2024-08"
"jenkinsci/bom/3480","timja","2024-08"
"jenkinsci/bom/3480","jonesbusy","2024-08"
"jenkinsci/bom/3480","timja","2024-08"
"jenkinsci/bom/3480","basil","2024-08"
"jenkinsci/copyartifact-plugin/238","MarkEWaite","2024-08"
"jenkinsci/jenkins-multijob-plugin/370","balakine","2024-08"
"jenkinsci/jenkins-multijob-plugin/370","balakine","2024-08"
"jenkinsci/jenkins-multijob-plugin/370","StefanSpieker","2024-08"
"jenkinsci/jenkins-multijob-plugin/370","balakine","2024-08"
"jenkinsci/github-branch-source-plugin/804","jglick","2024-08"
"jenkinsci/plasticscm-plugin/76","strangelookingnerd","2024-08"
"jenkinsci/plasticscm-plugin/76","mig42","2024-08"
"jenkinsci/plasticscm-plugin/76","strangelookingnerd","2024-08"
"jenkinsci/plasticscm-plugin/76","mig42","2024-08"
"jenkinsci/jenkins/9637","zbynek","2024-08"
"jenkinsci/jenkins/9637","daniel-beck","2024-08"
"jenkinsci/plugin-modernizer-tool/210","gounthar","2024-08"
"jenkinsci/plugin-modernizer-tool/209","gounthar","2024-08"
"jenkinsci/git-plugin/1641","MarkEWaite","2024-08"
"jenkinsci/git-plugin/1641","MarkEWaite","2024-08"
"jenkinsci/mabl-integration-plugin/71","simonychoy","2024-08"
"jenkinsci/mabl-integration-plugin/71","evaferreira","2024-08"
"jenkinsci/appscan-plugin/227","kripajoym","2024-08"
"jenkinsci/appscan-plugin/227","mattmurp","2024-08"
"jenkinsci/appscan-plugin/227","mattmurp","2024-08"
"jenkinsci/appscan-plugin/227","mattmurp","2024-08"
"jenkinsci/appscan-plugin/227","mattmurp","2024-08"
"jenkinsci/appscan-plugin/227","kripajoym","2024-08"
"jenkinsci/appscan-plugin/227","kripajoym","2024-08"
"jenkinsci/appscan-plugin/227","vishalhcl-5960","2024-08"
"jenkinsci/appscan-plugin/227","vishalhcl-5960","2024-08"
"jenkinsci/appscan-plugin/227","vishalhcl-5960","2024-08"
"jenkinsci/appscan-plugin/227","vishalhcl-5960","2024-08"
"jenkinsci/appscan-plugin/227","kripajoym","2024-08"
"jenkinsci/junit-plugin/639","dwnusbaum","2024-08"
"jenkinsci/junit-plugin/639","dwnusbaum","2024-08"
"jenkinsci/junit-plugin/639","dwnusbaum","2024-08"
"jenkinsci/junit-plugin/639","dwnusbaum","2024-08"
"jenkinsci/junit-plugin/639","dwnusbaum","2024-08"
"jenkinsci/junit-plugin/639","dwnusbaum","2024-08"
"jenkinsci/junit-plugin/639","dwnusbaum","2024-08"
"jenkinsci/junit-plugin/639","dwnusbaum","2024-08"
"jenkinsci/junit-plugin/639","basil","2024-08"
"jenkinsci/junit-plugin/639","timja","2024-08"
"jenkinsci/git-parameter-plugin/130","camjcorley","2024-08"
"jenkinsci/notification-plugin/51","jonesbusy","2024-08"
"jenkinsci/github-checks-plugin/396","timja","2024-08"
"jenkinsci/github-checks-plugin/396","jeromepochat","2024-08"
"jenkinsci/github-checks-plugin/396","dwnusbaum","2024-08"
"jenkinsci/github-checks-plugin/396","timja","2024-08"
"jenkinsci/github-checks-plugin/396","jeromepochat","2024-08"
"jenkinsci/warnings-ng-plugin/1814","KalleOlaviNiemitalo","2024-08"
"jenkinsci/plugin-modernizer-tool/203","gounthar","2024-08"
"jenkinsci/jira-plugin/613","basil","2024-08"
"jenkinsci/jira-plugin/613","rantoniuk","2024-08"
"jenkinsci/jira-plugin/613","basil","2024-08"
"jenkinsci/jira-plugin/613","alecharp","2024-08"
"jenkinsci/jira-plugin/613","basil","2024-08"
"jenkinsci/jira-plugin/613","olamy","2024-08"
"jenkinsci/jira-plugin/613","rantoniuk","2024-08"
"jenkinsci/jira-plugin/613","rantoniuk","2024-08"
"jenkinsci/jira-plugin/613","rantoniuk","2024-08"
"jenkinsci/jira-plugin/613","basil","2024-08"
"jenkinsci/plugin-modernizer-tool/202","sridamul","2024-08"
"jenkinsci/plugin-modernizer-tool/202","jonesbusy","2024-08"
"jenkinsci/plugin-modernizer-tool/202","jonesbusy","2024-08"
"jenkinsci/plugin-modernizer-tool/202","sridamul","2024-08"
"jenkinsci/plugin-modernizer-tool/201","sridamul","2024-08"
"jenkinsci/plugin-modernizer-tool/201","sridamul","2024-08"
"jenkinsci/plugin-modernizer-tool/201","jonesbusy","2024-08"
"jenkinsci/plugin-modernizer-tool/201","jonesbusy","2024-08"
"jenkinsci/plugin-modernizer-tool/201","jonesbusy","2024-08"
"jenkinsci/plugin-modernizer-tool/201","jonesbusy","2024-08"
"jenkinsci/plugin-modernizer-tool/201","jonesbusy","2024-08"
"jenkinsci/plugin-modernizer-tool/201","jonesbusy","2024-08"
"jenkinsci/plugin-modernizer-tool/201","jonesbusy","2024-08"
"jenkinsci/plugin-modernizer-tool/201","jonesbusy","2024-08"
"jenkinsci/plugin-modernizer-tool/201","jonesbusy","2024-08"
"jenkinsci/plugin-modernizer-tool/201","jonesbusy","2024-08"
"jenkinsci/github-branch-source-plugin/803","dwnusbaum","2024-08"
"jenkinsci/github-branch-source-plugin/803","thiencisco","2024-08"
"jenkinsci/github-branch-source-plugin/803","jeromepochat","2024-08"
"jenkinsci/github-branch-source-plugin/803","jeromepochat","2024-08"
"jenkinsci/github-branch-source-plugin/803","jglick","2024-08"
"jenkinsci/junit-plugin/638","dwnusbaum","2024-08"
"jenkinsci/junit-plugin/638","basil","2024-08"
"jenkinsci/junit-plugin/638","dwnusbaum","2024-08"
"jenkinsci/junit-plugin/638","dwnusbaum","2024-08"
"jenkinsci/junit-plugin/638","dwnusbaum","2024-08"
"jenkinsci/junit-plugin/638","basil","2024-08"
"jenkinsci/junit-plugin/638","timja","2024-08"
"jenkinsci/jenkins/9631","MarkEWaite","2024-08"
"jenkinsci/docker/1917","dduportal","2024-08"
"jenkinsci/trilead-ssh2/198","Elisedlund-ericsson","2024-08"
"jenkinsci/trilead-ssh2/198","kuisathaverat","2024-08"
"jenkinsci/trilead-ssh2/198","kuisathaverat","2024-08"
"jenkinsci/trilead-ssh2/198","kuisathaverat","2024-08"
"jenkinsci/trilead-ssh2/198","Experrior","2024-08"
"jenkinsci/trilead-ssh2/198","kuisathaverat","2024-08"
"jenkinsci/trilead-ssh2/198","Experrior","2024-08"
"jenkinsci/trilead-ssh2/198","Elisedlund-ericsson","2024-08"
"jenkinsci/trilead-ssh2/198","kuisathaverat","2024-08"
"jenkinsci/trilead-ssh2/198","kuisathaverat","2024-08"
"jenkinsci/git-plugin/1640","MarkEWaite","2024-08"
"jenkinsci/parameterized-remote-trigger-plugin/89","vwagh-dev","2024-08"
"jenkinsci/parameterized-remote-trigger-plugin/89","alecharp","2024-08"
"jenkinsci/parameterized-remote-trigger-plugin/89","basil","2024-08"
"jenkinsci/thycotic-secret-server-plugin/29","delinea-rajani","2024-08"
"jenkinsci/thycotic-secret-server-plugin/29","delinea-rajani","2024-08"
"jenkinsci/thycotic-secret-server-plugin/29","delinea-rajani","2024-08"
"jenkinsci/thycotic-secret-server-plugin/29","delinea-rajani","2024-08"
"jenkinsci/thycotic-secret-server-plugin/29","delinea-rajani","2024-08"
"jenkinsci/thycotic-secret-server-plugin/29","delinea-rajani","2024-08"
"jenkinsci/signpath-plugin/25","timja","2024-08"
"jenkinsci/signpath-plugin/25","timja","2024-08"
"jenkinsci/signpath-plugin/25","timja","2024-08"
"jenkinsci/plugin-modernizer-tool/195","jonesbusy","2024-08"
"jenkinsci/pipeline-maven-plugin/827","olamy","2024-08"
"jenkinsci/pipeline-maven-plugin/827","MarkEWaite","2024-08"
"jenkinsci/jenkins/9629","daniel-beck","2024-08"
"jenkinsci/jenkins/9629","MarkEWaite","2024-08"
"jenkinsci/helm-charts/1175","timja","2024-08"
"jenkinsci/plugin-modernizer-tool/190","jonesbusy","2024-08"
"jenkinsci/plugin-modernizer-tool/190","jonesbusy","2024-08"
"jenkinsci/plugin-modernizer-tool/190","jonesbusy","2024-08"
"jenkinsci/plugin-modernizer-tool/190","jonesbusy","2024-08"
"jenkinsci/plugin-modernizer-tool/187","jonesbusy","2024-08"
"jenkinsci/plugin-modernizer-tool/185","sridamul","2024-08"
"jenkinsci/file-operations-plugin/121","Gokhul26","2024-08"
"jenkinsci/plugin-modernizer-tool/184","jonesbusy","2024-08"
"jenkinsci/plugin-modernizer-tool/184","sridamul","2024-08"
"jenkinsci/plugin-modernizer-tool/184","jonesbusy","2024-08"
"jenkinsci/plugin-modernizer-tool/184","jonesbusy","2024-08"
"jenkinsci/plugin-modernizer-tool/184","jonesbusy","2024-08"
"jenkinsci/plugin-modernizer-tool/184","jonesbusy","2024-08"
"jenkinsci/plugin-modernizer-tool/184","jonesbusy","2024-08"
"jenkinsci/plugin-modernizer-tool/184","jonesbusy","2024-08"
"jenkinsci/plugin-modernizer-tool/184","jonesbusy","2024-08"
"jenkinsci/plugin-modernizer-tool/184","jonesbusy","2024-08"
"jenkinsci/plugin-modernizer-tool/184","jonesbusy","2024-08"
"jenkinsci/plugin-modernizer-tool/184","sridamul","2024-08"
"jenkinsci/jenkins/9625","timja","2024-08"
"jenkinsci/gitlab-plugin/1681","krisstern","2024-08"
"jenkinsci/gitlab-plugin/1681","sebhopley","2024-08"
"jenkinsci/gitlab-plugin/1681","krisstern","2024-08"
"jenkinsci/gitlab-plugin/1681","krisstern","2024-08"
"jenkinsci/gitlab-plugin/1681","krisstern","2024-08"
"jenkinsci/jenkins/9624","timja","2024-08"
"jenkinsci/jenkins/9624","timja","2024-08"
"jenkinsci/branch-api-plugin/476","jtnord","2024-08"
"jenkinsci/branch-api-plugin/476","timja","2024-08"
"jenkinsci/branch-api-plugin/476","janfaracik","2024-08"
"jenkinsci/branch-api-plugin/476","timja","2024-08"
"jenkinsci/branch-api-plugin/476","jtnord","2024-08"
"jenkinsci/branch-api-plugin/476","timja","2024-08"
"jenkinsci/branch-api-plugin/476","janfaracik","2024-08"
"jenkinsci/branch-api-plugin/476","timja","2024-08"
"jenkinsci/branch-api-plugin/476","jtnord","2024-08"
"jenkinsci/branch-api-plugin/476","jtnord","2024-08"
"jenkinsci/branch-api-plugin/476","timja","2024-08"
"jenkinsci/branch-api-plugin/476","timja","2024-08"
"jenkinsci/branch-api-plugin/476","timja","2024-08"
"jenkinsci/branch-api-plugin/476","timja","2024-08"
"jenkinsci/jenkins/9623","zbynek","2024-08"
"jenkinsci/jenkins/9623","ArvindReddySheelam","2024-08"
"jenkinsci/jenkins/9623","zbynek","2024-08"
"jenkinsci/rest-list-parameter-plugin/207","mymarche","2024-08"
"jenkinsci/docker-agent/860","zhan9san","2024-08"
"jenkinsci/docker-agent/860","dduportal","2024-08"
"jenkinsci/plugin-modernizer-tool/183","sridamul","2024-08"
"jenkins-infra/contributor-spotlight/187","kmartens27","2024-08"
"jenkins-infra/kubernetes-management/5643","dduportal","2024-08"
"jenkins-infra/azure/812","dduportal","2024-08"
"jenkins-infra/kubernetes-management/5642","dduportal","2024-08"
"jenkins-infra/docker-openvpn/354","dduportal","2024-08"
"jenkins-infra/pipeline-library/880","timja","2024-08"
"jenkins-infra/pipeline-library/880","dduportal","2024-08"
"jenkins-infra/pipeline-library/880","timja","2024-08"
"jenkins-infra/pipeline-library/880","dduportal","2024-08"
"jenkins-infra/docker-openvpn/353","dduportal","2024-08"
"jenkins-infra/docker-openvpn/352","dduportal","2024-08"
"jenkins-infra/helm-charts/1316","dduportal","2024-08"
"jenkins-infra/jenkins.io/7500","kmartens27","2024-08"
"jenkins-infra/azure/811","dduportal","2024-08"
"jenkins-infra/azure/811","dduportal","2024-08"
"jenkins-infra/azure/811","dduportal","2024-08"
"jenkins-infra/azure/811","dduportal","2024-08"
"jenkins-infra/jenkins.io/7499","janfaracik","2024-08"
"jenkins-infra/jenkins.io/7499","alyssat","2024-08"
"jenkins-infra/jenkins.io/7499","timja","2024-08"
"jenkins-infra/jenkins.io/7499","kmartens27","2024-08"
"jenkins-infra/jenkins.io/7499","kmartens27","2024-08"
"jenkins-infra/jenkins.io/7499","gounthar","2024-08"
"jenkins-infra/jenkins.io/7497","gounthar","2024-08"
"jenkins-infra/helm-charts/1313","smerle33","2024-08"
"jenkins-infra/docker-jenkins-weeklyci/1671","smerle33","2024-08"
"jenkins-infra/pipeline-library/879","dduportal","2024-08"
"jenkins-infra/jenkins.io/7496","gounthar","2024-08"
"jenkins-infra/jenkins.io/7495","gounthar","2024-08"
"jenkins-infra/jenkins.io/7495","alyssat","2024-08"
"jenkins-infra/jenkins.io/7495","gounthar","2024-08"
"jenkins-infra/jenkins.io/7495","kmartens27","2024-08"
"jenkins-infra/docker-openvpn/351","smerle33","2024-08"
"jenkins-infra/repository-permissions-updater/4053","tembleking","2024-08"
"jenkins-infra/repository-permissions-updater/4053","timja","2024-08"
"jenkins-infra/repository-permissions-updater/4053","tembleking","2024-08"
"jenkins-infra/repository-permissions-updater/4053","marcuzzuu","2024-08"
"jenkins-infra/jenkins.io/7489","gounthar","2024-08"
"jenkins-infra/jenkins.io/7488","gounthar","2024-08"
"jenkins-infra/jenkins.io/7487","kmartens27","2024-08"
"jenkins-infra/jenkins.io/7487","nouralmulhem","2024-08"
"jenkins-infra/jenkins.io/7487","kmartens27","2024-08"
"jenkins-infra/jenkins.io/7486","daniel-beck","2024-08"
"jenkins-infra/jenkins.io/7486","daniel-beck","2024-08"
"jenkins-infra/jenkins.io/7486","daniel-beck","2024-08"
"jenkins-infra/jenkins.io/7486","daniel-beck","2024-08"
"jenkins-infra/jenkins.io/7486","daniel-beck","2024-08"
"jenkins-infra/jenkins.io/7486","daniel-beck","2024-08"
"jenkins-infra/jenkins.io/7486","daniel-beck","2024-08"
"jenkins-infra/jenkins.io/7486","kmartens27","2024-08"
"jenkins-infra/jenkins.io/7485","raducanuoctavian","2024-08"
"jenkins-infra/jenkins.io/7485","raducanuoctavian","2024-08"
"jenkins-infra/jenkins.io/7485","timja","2024-08"
"jenkins-infra/jenkins.io/7485","gounthar","2024-08"
"jenkins-infra/jenkins.io/7485","MarkEWaite","2024-08"
"jenkins-infra/repository-permissions-updater/4049","mawinter69","2024-08"
"jenkins-infra/repository-permissions-updater/4049","mawinter69","2024-08"
"jenkins-infra/repository-permissions-updater/4049","timja","2024-08"
"jenkins-infra/repository-permissions-updater/4049","timja","2024-08"
"jenkins-infra/repository-permissions-updater/4049","timja","2024-08"
"jenkins-infra/repository-permissions-updater/4049","timja","2024-08"
"jenkins-infra/repository-permissions-updater/4049","mawinter69","2024-08"
"jenkins-infra/jenkins.io/7484","gounthar","2024-08"
"jenkins-infra/jenkins.io/7484","gounthar","2024-08"
"jenkins-infra/jenkins.io/7484","krisstern","2024-08"
"jenkins-infra/jenkins.io/7484","krisstern","2024-08"
"jenkins-infra/jenkins.io/7484","krisstern","2024-08"
"jenkins-infra/jenkins.io/7484","gounthar","2024-08"
"jenkins-infra/jenkins.io/7484","krisstern","2024-08"
"jenkins-infra/jenkins.io/7484","gounthar","2024-08"
"jenkins-infra/jenkins.io/7484","gounthar","2024-08"
"jenkins-infra/jenkins.io/7484","gounthar","2024-08"
"jenkins-infra/jenkins.io/7484","krisstern","2024-08"
"jenkins-infra/contributor-spotlight/184","kmartens27","2024-08"
"jenkins-infra/contributor-spotlight/184","alyssat","2024-08"
"jenkins-infra/contributor-spotlight/184","alyssat","2024-08"
"jenkins-infra/contributor-spotlight/184","kmartens27","2024-08"
"jenkins-infra/contributor-spotlight/184","krisstern","2024-08"
"jenkins-infra/contributor-spotlight/184","gounthar","2024-08"
"jenkins-infra/contributor-spotlight/184","krisstern","2024-08"
"jenkins-infra/contributor-spotlight/184","kmartens27","2024-08"
"jenkins-infra/jenkins.io/7481","gounthar","2024-08"
"jenkins-infra/repository-permissions-updater/4048","mawinter69","2024-08"
"jenkins-infra/repository-permissions-updater/4048","mawinter69","2024-08"
"jenkins-infra/repository-permissions-updater/4048","timja","2024-08"
"jenkins-infra/repository-permissions-updater/4048","mawinter69","2024-08"
"jenkins-infra/repository-permissions-updater/4048","timja","2024-08"
"jenkins-infra/repository-permissions-updater/4048","mawinter69","2024-08"
"jenkins-infra/jenkins.io/7480","krisstern","2024-08"
"jenkins-infra/jenkins.io/7480","krisstern","2024-08"
"jenkins-infra/jenkins.io/7480","krisstern","2024-08"
"jenkins-infra/jenkins.io/7480","krisstern","2024-08"
"jenkins-infra/jenkins.io/7480","krisstern","2024-08"
"jenkins-infra/jenkins.io/7480","krisstern","2024-08"
"jenkins-infra/jenkins.io/7480","krisstern","2024-08"
"jenkins-infra/jenkins.io/7480","krisstern","2024-08"
"jenkins-infra/jenkins.io/7480","krisstern","2024-08"
"jenkins-infra/jenkins.io/7480","krisstern","2024-08"
"jenkins-infra/jenkins.io/7480","zbynek","2024-08"
"jenkins-infra/jenkins.io/7480","zbynek","2024-08"
"jenkins-infra/jenkins.io/7480","zbynek","2024-08"
"jenkins-infra/plugin-site/1867","zbynek","2024-08"
"jenkins-infra/plugin-site/1867","janfaracik","2024-08"
"jenkins-infra/jenkins.io/7479","janfaracik","2024-08"
"jenkins-infra/jenkins.io/7479","MarkEWaite","2024-08"
"jenkins-infra/jenkins.io/7479","MarkEWaite","2024-08"
"jenkins-infra/jenkins.io/7479","zbynek","2024-08"
"jenkins-infra/jenkins.io/7479","janfaracik","2024-08"
"jenkins-infra/jenkins.io/7479","timja","2024-08"
"jenkins-infra/jenkins.io/7479","daniel-beck","2024-08"
"jenkins-infra/jenkins.io/7479","kmartens27","2024-08"
"jenkins-infra/jenkins.io/7479","timja","2024-08"
"jenkins-infra/jenkins.io/7479","daniel-beck","2024-08"
"jenkins-infra/jenkins.io/7479","daniel-beck","2024-08"
"jenkins-infra/jenkins.io/7479","janfaracik","2024-08"
"jenkins-infra/jenkins.io/7479","daniel-beck","2024-08"
"jenkins-infra/jenkins.io/7479","timja","2024-08"
"jenkins-infra/jenkins.io/7479","timja","2024-08"
"jenkins-infra/jenkins.io/7479","daniel-beck","2024-08"
"jenkins-infra/jenkins.io/7479","daniel-beck","2024-08"
"jenkins-infra/jenkins.io/7479","timja","2024-08"
"jenkins-infra/jenkins.io/7479","timja","2024-08"
"jenkins-infra/jenkins.io/7479","daniel-beck","2024-08"
"jenkins-infra/jenkins.io/7479","timja","2024-08"
"jenkins-infra/jenkins.io/7479","daniel-beck","2024-08"
"jenkins-infra/jenkins.io/7479","timja","2024-08"
"jenkins-infra/jenkins.io/7478","gounthar","2024-08"
"jenkins-infra/jenkins.io/7475","gounthar","2024-08"
"jenkins-infra/jenkins.io/7474","gounthar","2024-08"
"jenkins-infra/jenkins.io/7473","daniel-beck","2024-08"
"jenkins-infra/jenkins.io/7473","kmartens27","2024-08"
"jenkins-infra/jenkins.io/7473","StefanSpieker","2024-08"
"jenkins-infra/jenkins.io/7473","StefanSpieker","2024-08"
"jenkins-infra/jenkins.io/7473","daniel-beck","2024-08"
"jenkins-infra/jenkins.io/7473","daniel-beck","2024-08"
"jenkins-infra/jenkins.io/7473","daniel-beck","2024-08"
"jenkins-infra/jenkins.io/7473","daniel-beck","2024-08"
"jenkins-infra/jenkins.io/7473","daniel-beck","2024-08"
"jenkins-infra/jenkins.io/7473","daniel-beck","2024-08"
"jenkins-infra/jenkins.io/7473","daniel-beck","2024-08"
"jenkins-infra/jenkins.io/7473","StefanSpieker","2024-08"
"jenkins-infra/jenkins.io/7472","gounthar","2024-08"
"jenkins-infra/jenkins.io/7470","gounthar","2024-08"
"jenkins-infra/jenkins.io/7469","gounthar","2024-08"
"jenkins-infra/stats.jenkins.io/158","gounthar","2024-08"
"jenkins-infra/stats.jenkins.io/158","krisstern","2024-08"
"jenkins-infra/stats.jenkins.io/157","krisstern","2024-08"
"jenkins-infra/stats.jenkins.io/155","krisstern","2024-08"
"jenkins-infra/kubernetes-management/5621","dduportal","2024-08"
"jenkins-infra/kubernetes-management/5621","dduportal","2024-08"
"jenkins-infra/kubernetes-management/5617","dduportal","2024-08"
"jenkins-infra/azure/810","dduportal","2024-08"
"jenkins-infra/kubernetes-management/5615","dduportal","2024-08"
"jenkins-infra/azure/809","dduportal","2024-08"
"jenkins-infra/jenkins.io/7465","MarkEWaite","2024-08"
"jenkins-infra/kubernetes-management/5611","dduportal","2024-08"
"jenkins-infra/azure/808","dduportal","2024-08"
"jenkins-infra/kubernetes-management/5608","dduportal","2024-08"
"jenkins-infra/jenkins.io/7462","daniel-beck","2024-08"
"jenkins-infra/jenkins.io/7462","daniel-beck","2024-08"
"jenkins-infra/jenkins.io/7461","kmartens27","2024-08"
"jenkins-infra/jenkins.io/7461","kmartens27","2024-08"
"jenkins-infra/helm-charts/1303","hervelemeur","2024-08"
"jenkins-infra/helm-charts/1303","dduportal","2024-08"
"jenkins-infra/azure/806","dduportal","2024-08"
"jenkins-infra/kubernetes-management/5599","dduportal","2024-08"
"jenkins-infra/kubernetes-management/5598","dduportal","2024-08"
"jenkins-infra/packer-images/1358","dduportal","2024-08"
"jenkins-infra/kubernetes-management/5597","dduportal","2024-08"
"jenkins-infra/docker-confluence-data/69","lemeurherveCB","2024-08"
"jenkins-infra/docker-confluence-data/69","lemeurherveCB","2024-08"
"jenkins-infra/docker-confluence-data/69","dduportal","2024-08"
"jenkins-infra/docker-confluence-data/69","lemeurherveCB","2024-08"
"jenkins-infra/repository-permissions-updater/4044","mymarche","2024-08"
"jenkins-infra/kubernetes-management/5595","dduportal","2024-08"
"jenkins-infra/helm-charts/1297","lemeurherveCB","2024-08"
"jenkins-infra/jenkins.io/7459","kmartens27","2024-08"
"jenkins-infra/jenkins.io/7459","MarkEWaite","2024-08"
"jenkins-infra/jenkins.io/7459","MarkEWaite","2024-08"
"jenkins-infra/jenkins.io/7459","MarkEWaite","2024-08"
"jenkins-infra/jenkins.io/7458","kmartens27","2024-08"
"jenkins-infra/jenkins.io/7457","kmartens27","2024-08"
"jenkins-infra/jenkins.io/7457","timja","2024-08"
"jenkins-infra/jenkins.io/7457","kmartens27","2024-08"
"jenkins-infra/jenkins.io/7457","daniel-beck-bot","2024-08"
"jenkins-infra/jenkins.io/7457","kmartens27","2024-08"
"jenkins-infra/jenkins.io/7457","timja","2024-08"
"jenkins-infra/jenkins.io/7457","janfaracik","2024-08"
"jenkins-infra/jenkins.io/7457","timja","2024-08"
"jenkins-infra/jenkins.io/7457","timja","2024-08"
"jenkins-infra/jenkins.io/7457","timja","2024-08"
"jenkins-infra/kubernetes-management/5589","dduportal","2024-08"
"jenkins-infra/azure/805","dduportal","2024-08"
"jenkins-infra/docker-mirrorbits/23","dduportal","2024-08"
"jenkins-infra/kubernetes-management/5584","dduportal","2024-08"
"jenkins-infra/kubernetes-management/5584","dduportal","2024-08"
"jenkins-infra/kubernetes-management/5584","dduportal","2024-08"
"jenkins-infra/repository-permissions-updater/4040","robertoffmoura","2024-08"
"jenkins-infra/repository-permissions-updater/4040","robertoffmoura","2024-08"
"jenkins-infra/jenkins.io/7454","timja","2024-08"
"jenkins-infra/kubernetes-management/5580","dduportal","2024-08"
"jenkins-infra/kubernetes-management/5579","dduportal","2024-08"
"jenkins-infra/kubernetes-management/5571","dduportal","2024-08"
"jenkins-infra/kubernetes-management/5568","dduportal","2024-08"
"jenkins-infra/azure-net/283","dduportal","2024-08"
"jenkins-infra/azure/804","dduportal","2024-08"
"jenkins-infra/kubernetes-management/5566","dduportal","2024-08"
"jenkins-infra/kubernetes-management/5565","dduportal","2024-08"
"jenkins-infra/helm-charts/1275","dduportal","2024-08"
"jenkins-infra/helm-charts/1274","dduportal","2024-08"
"jenkins-infra/kubernetes-management/5564","dduportal","2024-08"
"jenkins-infra/azure/803","dduportal","2024-08"
"jenkins-infra/helm-charts/1273","dduportal","2024-08"
"jenkins-infra/helm-charts/1268","timja","2024-08"
"jenkins-infra/helm-charts/1268","timja","2024-08"
"jenkins-infra/update-center2/793","daniel-beck","2024-08"
"jenkins-infra/update-center2/793","kirk-fitzsimons","2024-08"
"jenkins-infra/update-center2/793","kirk-fitz","2024-08"
"jenkins-infra/update-center2/793","daniel-beck-bot","2024-08"
"jenkins-infra/update-center2/793","kirk-fitz","2024-08"
"jenkins-infra/update-center2/793","daniel-beck","2024-08"
"jenkins-infra/update-center2/793","kirk-fitz","2024-08"
"jenkins-infra/update-center2/793","kirk-fitz","2024-08"
"jenkins-infra/update-center2/793","kirk-fitzsimons","2024-08"
"jenkins-infra/update-center2/793","daniel-beck","2024-08"
"jenkins-infra/update-center2/793","kirk-fitz","2024-08"
"jenkins-infra/update-center2/793","kirk-fitzsimons","2024-08"
"jenkins-infra/update-center2/793","daniel-beck","2024-08"
"jenkins-infra/update-center2/793","daniel-beck","2024-08"
"jenkins-infra/jenkins-infra/3602","dduportal","2024-08"
"jenkins-infra/jenkins-infra/3602","dduportal","2024-08"
"jenkins-infra/kubernetes-management/5536","dduportal","2024-08"
"jenkins-infra/stats.jenkins.io/138","Vandit1604","2024-08"
"jenkins-infra/stats.jenkins.io/138","lemeurherve","2024-08"
"jenkins-infra/stats.jenkins.io/138","krisstern","2024-08"
"jenkins-infra/kubernetes-management/5534","dduportal","2024-08"
"jenkins-infra/docker-jenkins-lts/900","timja","2024-08"
"jenkins-infra/docker-jenkins-lts/900","timja","2024-08"
"jenkins-infra/docker-jenkins-lts/900","timja","2024-08"
"jenkins-infra/docker-jenkins-infraci/19","timja","2024-08"
"jenkins-infra/docker-jenkins-infraci/19","timja","2024-08"
"jenkins-infra/docker-jenkins-infraci/19","timja","2024-08"
"jenkins-infra/docker-jenkins-infraci/19","dduportal","2024-08"
"jenkins-infra/docker-jenkins-weeklyci/1660","MarkEWaite","2024-08"
"jenkins-infra/docker-jenkins-weeklyci/1660","timja","2024-08"
"jenkins-infra/docker-jenkins-weeklyci/1660","dduportal","2024-08"
"jenkins-infra/kubernetes-management/5526","dduportal","2024-08"
"jenkins-infra/kubernetes-management/5526","dduportal","2024-08"
"jenkins-infra/kubernetes-management/5526","dduportal","2024-08"
"jenkins-infra/kubernetes-management/5526","dduportal","2024-08"
"jenkins-infra/kubernetes-management/5526","dduportal","2024-08"
"jenkins-infra/kubernetes-management/5526","dduportal","2024-08"
"jenkins-infra/kubernetes-management/5526","dduportal","2024-08"
"jenkins-infra/kubernetes-management/5526","dduportal","2024-08"
"jenkins-infra/kubernetes-management/5526","dduportal","2024-08"
"jenkins-infra/kubernetes-management/5526","dduportal","2024-08"
"jenkins-infra/kubernetes-management/5526","dduportal","2024-08"
"jenkins-infra/kubernetes-management/5526","dduportal","2024-08"
"jenkins-infra/kubernetes-management/5526","dduportal","2024-08"
"jenkins-infra/kubernetes-management/5526","dduportal","2024-08"
"jenkins-infra/kubernetes-management/5526","jayfranco999","2024-08"
"jenkins-infra/kubernetes-management/5526","jayfranco999","2024-08"
"jenkins-infra/kubernetes-management/5526","jayfranco999","2024-08"
"jenkins-infra/kubernetes-management/5526","jayfranco999","2024-08"
"jenkins-infra/kubernetes-management/5526","jayfranco999","2024-08"
"jenkins-infra/kubernetes-management/5526","dduportal","2024-08"
"jenkins-infra/kubernetes-management/5526","jayfranco999","2024-08"
"jenkins-infra/kubernetes-management/5526","jayfranco999","2024-08"
"jenkins-infra/kubernetes-management/5526","jayfranco999","2024-08"
"jenkins-infra/kubernetes-management/5526","dduportal","2024-08"
"jenkins-infra/kubernetes-management/5526","dduportal","2024-08"
"jenkins-infra/kubernetes-management/5526","dduportal","2024-08"
"jenkins-infra/kubernetes-management/5526","dduportal","2024-08"
"jenkins-infra/kubernetes-management/5526","dduportal","2024-08"
"jenkins-infra/kubernetes-management/5526","dduportal","2024-08"
"jenkins-infra/azure/800","dduportal","2024-08"
"jenkins-infra/azure-net/281","dduportal","2024-08"
"jenkins-infra/datadog/257","dduportal","2024-08"
"jenkins-infra/pipeline-library/877","dduportal","2024-08"
"jenkins-infra/jenkins-infra/3592","dduportal","2024-08"
"jenkins-infra/jenkins-infra/3592","dduportal","2024-08"
"jenkins-infra/jenkins.io/7446","krisstern","2024-08"
"jenkins-infra/jenkins.io/7446","MarkEWaite","2024-08"
"jenkins-infra/kubernetes-management/5522","dduportal","2024-08"
"jenkins-infra/contributor-spotlight/176","krisstern","2024-08"
"jenkins-infra/contributor-spotlight/176","krisstern","2024-08"
"jenkins-infra/contributor-spotlight/176","alyssat","2024-08"
"jenkins-infra/contributor-spotlight/176","krisstern","2024-08"
"jenkins-infra/contributor-spotlight/176","krisstern","2024-08"
"jenkins-infra/update-center2/791","MarkEWaite","2024-08"
"jenkins-infra/update-center2/791","daniel-beck","2024-08"
"jenkins-infra/update-center2/791","MarkEWaite","2024-08"
"jenkins-infra/update-center2/791","MarkEWaite","2024-08"
"jenkins-infra/update-center2/791","daniel-beck","2024-08"
"jenkins-infra/azure/798","dduportal","2024-08"
"jenkins-infra/repository-permissions-updater/4037","dduportal","2024-08"
"jenkins-infra/repository-permissions-updater/4037","MarkEWaite","2024-08"
"jenkins-infra/jenkins-infra/3589","dduportal","2024-08"
"jenkins-infra/azure/796","dduportal","2024-08"
"jenkins-infra/aws/562","dduportal","2024-08"
"jenkins-infra/jenkins.io/7443","MarkEWaite","2024-08"
"jenkins-infra/jenkins.io/7443","janfaracik","2024-08"
"jenkins-infra/jenkins-infra/3579","dduportal","2024-08"
"jenkins-infra/jenkins-infra/3578","daniel-beck","2024-08"
"jenkins-infra/repository-permissions-updater/4036","MarkEWaite","2024-08"
"jenkins-infra/repository-permissions-updater/4035","MarkEWaite","2024-08"
"jenkins-infra/kubernetes-management/5510","dduportal","2024-08"
"jenkins-infra/repository-permissions-updater/4033","rpl17-alt","2024-08"
"jenkins-infra/repository-permissions-updater/4033","MarkEWaite","2024-08"
"jenkins-infra/repository-permissions-updater/4033","MarkEWaite","2024-08"
"jenkins-infra/repository-permissions-updater/4033","NavnathKumbhar","2024-08"
"jenkins-infra/repository-permissions-updater/4033","rpl17-alt","2024-08"
"jenkins-infra/repository-permissions-updater/4033","rpl17-alt","2024-08"
"jenkins-infra/repository-permissions-updater/4033","rpl17-alt","2024-08"
"jenkins-infra/repository-permissions-updater/4033","MarkEWaite","2024-08"
"jenkins-infra/repository-permissions-updater/4033","rpl17-alt","2024-08"
"jenkins-infra/repository-permissions-updater/4033","MarkEWaite","2024-08"
"jenkins-infra/jenkins.io/7436","dduportal","2024-08"
"jenkins-infra/azure/794","dduportal","2024-08"
"jenkins-infra/stats.jenkins.io/131","Vandit1604","2024-08"
"jenkins-infra/stats.jenkins.io/131","shlomomdahan","2024-08"
"jenkins-infra/stats.jenkins.io/131","Vandit1604","2024-08"
"jenkins-infra/stats.jenkins.io/131","krisstern","2024-08"
"jenkins-infra/account-app/395","timja","2024-08"
"jenkins-infra/account-app/395","timja","2024-08"
"jenkins-infra/account-app/395","janfaracik","2024-08"
"jenkins-infra/account-app/395","janfaracik","2024-08"
"jenkins-infra/account-app/395","NotMyFault","2024-08"
"jenkins-infra/account-app/395","janfaracik","2024-08"
"jenkins-infra/account-app/395","dduportal","2024-08"
"jenkins-infra/account-app/395","timja","2024-08"
"jenkins-infra/account-app/395","timja","2024-08"
"jenkins-infra/account-app/395","timja","2024-08"
"jenkins-infra/account-app/395","timja","2024-08"
"jenkins-infra/account-app/395","timja","2024-08"
"jenkins-infra/account-app/395","timja","2024-08"
"jenkins-infra/account-app/395","timja","2024-08"
"jenkins-infra/account-app/395","timja","2024-08"
"jenkins-infra/jenkins.io/7434","MarkEWaite","2024-08"
"jenkins-infra/stories/67","MarkEWaite","2024-08"
"jenkins-infra/jenkins-infra/3568","dduportal","2024-08"
"jenkins-infra/repository-permissions-updater/4031","timja","2024-08"
"jenkins-infra/repository-permissions-updater/4031","Lehmann-Fabian","2024-08"
"jenkins-infra/jenkins.io/7432","MarkEWaite","2024-08"
"jenkins-infra/jenkins.io/7432","MarkEWaite","2024-08"
"jenkins-infra/jenkins.io/7432","NotMyFault","2024-08"
"jenkins-infra/jenkins.io/7432","MarkEWaite","2024-08"
"jenkins-infra/jenkins.io/7432","krisstern","2024-08"
"jenkins-infra/azure-net/277","dduportal","2024-08"
"jenkins-docs/building-a-multibranch-pipeline-project/221","razasys","2024-08"
"jenkins-docs/building-a-multibranch-pipeline-project/220","razasys","2024-08"
"jenkins-docs/simple-java-maven-app/967","chandrashekarvemula111","2024-08"
"jenkins-docs/simple-java-maven-app/960","akhilkolu","2024-08"
"jenkins-docs/simple-java-maven-app/951","Din-BL","2024-08"
"jenkins-docs/simple-java-maven-app/951","Din-BL","2024-08"
