org,repository,number,url,state,created_at,merged_at,user.login,month_year,title
"symfony","symfony-docs",18479,"https://github.com/symfony/symfony-docs/pull/18479","MERGED","2023-06-30T17:48:57Z","2023-07-03T14:24:31Z","OskarStark","2023-06","Remove deprecated directive"
"symfony","symfony",50839,"https://github.com/symfony/symfony/pull/50839","MERGED","2023-06-30T16:54:57Z","2023-07-03T14:24:36Z","nicolas-grekas","2023-06","Remove BC layers related to..."
"symfony","symfony",50838,"https://github.com/symfony/symfony/pull/50838","MERGED","2023-06-30T16:53:32Z","2023-07-03T12:59:15Z","HeahDude","2023-06","[DoctrineBridge] Remove..."
"symfony","symfony",50837,"https://github.com/symfony/symfony/pull/50837","MERGED","2023-06-30T16:27:29Z","2023-07-03T12:56:57Z","fancyweb","2023-06","[DependencyInjection] Fix..."
"symfony","symfony-docs",18477,"https://github.com/symfony/symfony-docs/pull/18477","MERGED","2023-06-30T16:06:37Z","2023-07-03T15:56:20Z","alexandre-daubois","2023-06","[HttpKernel] Remove..."
"symfony","symfony",50836,"https://github.com/symfony/symfony/pull/50836","MERGED","2023-06-30T15:47:22Z","2023-06-30T15:58:24Z","nicolas-grekas","2023-06","[HttpKernel] Do not use..."
"symfony","symfony-docs",18475,"https://github.com/symfony/symfony-docs/pull/18475","MERGED","2023-06-30T14:24:54Z","2023-06-30T17:47:17Z","javiereguiluz","2023-06","[Form] Document a deprecation..."
"symfony","symfony-docs",18474,"https://github.com/symfony/symfony-docs/pull/18474","MERGED","2023-06-30T14:18:22Z","2023-07-03T15:45:01Z","alexandre-daubois","2023-06","[Console] Deprecate..."
"symfony","symfony-docs",18473,"https://github.com/symfony/symfony-docs/pull/18473","MERGED","2023-06-30T12:05:36Z","2023-07-03T15:49:53Z","alexandre-daubois","2023-06","[Console] Remove occurrences..."
"symfony","symfony",50832,"https://github.com/symfony/symfony/pull/50832","MERGED","2023-06-30T08:59:19Z","2023-06-30T09:13:43Z","nicolas-grekas","2023-06","[6.4] Fix various..."
"symfony","symfony",50831,"https://github.com/symfony/symfony/pull/50831","MERGED","2023-06-30T08:55:21Z","2023-06-30T09:29:43Z","nicolas-grekas","2023-06","[7.0] Fix various..."
"symfony","symfony-docs",18470,"https://github.com/symfony/symfony-docs/pull/18470","MERGED","2023-06-30T06:45:55Z","2023-07-04T15:04:59Z","94noni","2023-06","[Profiler] [DataCollector]..."
"symfony","symfony",50829,"https://github.com/symfony/symfony/pull/50829","MERGED","2023-06-30T01:28:22Z","2023-06-30T08:09:08Z","GromNaN","2023-06","[Doctrine][Serializer]..."
"symfony","symfony",50828,"https://github.com/symfony/symfony/pull/50828","MERGED","2023-06-30T01:02:11Z","2023-06-30T08:07:44Z","GromNaN","2023-06","[DoctrineBridge][HttpFoundation]..."
"symfony","symfony",50827,"https://github.com/symfony/symfony/pull/50827","MERGED","2023-06-29T23:48:19Z","2023-06-30T08:07:03Z","GromNaN","2023-06","[Security] Remove BC layer..."
"symfony","symfony",50826,"https://github.com/symfony/symfony/pull/50826","MERGED","2023-06-29T23:24:13Z","2023-06-30T16:19:39Z","GromNaN","2023-06","[HttpFoundation] Remove..."
"symfony","ux",977,"https://github.com/symfony/ux/pull/977","MERGED","2023-06-29T21:31:29Z","2023-06-30T18:36:31Z","bendavies","2023-06","ux.symfony.com: upgrade..."
"symfony","symfony",50824,"https://github.com/symfony/symfony/pull/50824","MERGED","2023-06-29T18:21:36Z","2023-06-30T09:23:41Z","lyrixx","2023-06","[ErrorHandler] Do not use..."
"symfony","symfony-docs",18468,"https://github.com/symfony/symfony-docs/pull/18468","MERGED","2023-06-29T17:52:07Z","2023-06-30T07:34:56Z","94noni","2023-06","[Form][Validator] Add new..."
"symfony","polyfill",433,"https://github.com/symfony/polyfill/pull/433","MERGED","2023-06-29T15:36:25Z","2023-07-10T07:38:43Z","derrabus","2023-06","Add..."
"symfony","symfony-docs",18467,"https://github.com/symfony/symfony-docs/pull/18467","MERGED","2023-06-29T10:44:26Z","2023-06-30T07:03:36Z","6e0d0a","2023-06","[Routing] Update routing.rst"
"symfony","symfony",50821,"https://github.com/symfony/symfony/pull/50821","MERGED","2023-06-29T10:43:06Z","2023-06-30T09:22:09Z","wouterj","2023-06","Add missing return types and..."
"symfony","symfony",50819,"https://github.com/symfony/symfony/pull/50819","MERGED","2023-06-29T09:22:16Z","2023-06-29T10:01:41Z","MatTheCat","2023-06","[SecurityBundle] Do not..."
"symfony","symfony",50818,"https://github.com/symfony/symfony/pull/50818","MERGED","2023-06-29T08:31:08Z","2023-07-05T08:43:02Z","StanJansen","2023-06","[Scheduler] Fix..."
"symfony","symfony-docs",18465,"https://github.com/symfony/symfony-docs/pull/18465","MERGED","2023-06-29T07:26:19Z","2023-06-29T07:35:41Z","GaryPEGEOT","2023-06","fix: small typo"
"symfony","ux",976,"https://github.com/symfony/ux/pull/976","OPEN","2023-06-29T03:04:23Z","","janklan","2023-06","Allow removing options..."
"symfony","ux-autocomplete",2,"https://github.com/symfony/ux-autocomplete/pull/2","CLOSED","2023-06-29T02:47:02Z","","janklan","2023-06","Allow removing options..."
"symfony","ux",975,"https://github.com/symfony/ux/pull/975","CLOSED","2023-06-28T23:18:33Z","","1ed","2023-06","[Twig] Fix min Stimulus..."
"symfony","symfony-docs",18464,"https://github.com/symfony/symfony-docs/pull/18464","MERGED","2023-06-28T19:53:21Z","2023-06-29T06:44:29Z","GaryPEGEOT","2023-06"," [DependencyInjection] Add..."
"symfony","ux",974,"https://github.com/symfony/ux/pull/974","MERGED","2023-06-28T19:44:24Z","2023-08-23T15:21:02Z","weaverryan","2023-06","Add hosting link to..."
"symfony","maker-bundle",1330,"https://github.com/symfony/maker-bundle/pull/1330","OPEN","2023-06-28T19:05:01Z","","constantable","2023-06","New Command: `make:document`"
"symfony","symfony",50814,"https://github.com/symfony/symfony/pull/50814","CLOSED","2023-06-28T16:58:46Z","","ro0NL","2023-06","[HttpClient] Allow custom..."
"symfony","symfony",50813,"https://github.com/symfony/symfony/pull/50813","MERGED","2023-06-28T14:02:41Z","2023-07-07T06:04:25Z","MatTheCat","2023-06","[DoctrineBridge] Load..."
"symfony","symfony-docs",18461,"https://github.com/symfony/symfony-docs/pull/18461","OPEN","2023-06-28T13:23:49Z","","KerianMM","2023-06","[Messenger] Add auto stamp..."
"symfony","symfony",50812,"https://github.com/symfony/symfony/pull/50812","OPEN","2023-06-28T13:06:56Z","","KerianMM","2023-06","[Messenger] Add auto stamp..."
"symfony","symfony",50810,"https://github.com/symfony/symfony/pull/50810","MERGED","2023-06-28T12:51:53Z","2023-06-28T19:05:07Z","evertharmeling","2023-06","[String] Fix Inflector for..."
"symfony","symfony",50809,"https://github.com/symfony/symfony/pull/50809","CLOSED","2023-06-28T11:36:55Z","","uncaught","2023-06","Issue 50808 security..."
"symfony","security-bundle",8,"https://github.com/symfony/security-bundle/pull/8","CLOSED","2023-06-28T11:26:12Z","","uncaught","2023-06","bug #50808 [SecurityBundle]..."
"symfony","symfony",50807,"https://github.com/symfony/symfony/pull/50807","MERGED","2023-06-28T11:05:28Z","2023-07-09T11:12:59Z","GaryPEGEOT","2023-06","[HttpClient] Add an HAR..."
"symfony","symfony",50804,"https://github.com/symfony/symfony/pull/50804","MERGED","2023-06-28T10:08:48Z","2023-07-07T06:06:28Z","DidierLmn","2023-06","[Serializer] Fix Normalizer..."
"symfony","symfony-docs",18459,"https://github.com/symfony/symfony-docs/pull/18459","MERGED","2023-06-27T21:04:18Z","2023-06-28T08:09:21Z","weaverryan","2023-06","[AssetMapper] Adding notes..."
"symfony","symfony-docs",18458,"https://github.com/symfony/symfony-docs/pull/18458","CLOSED","2023-06-27T19:15:53Z","","lku","2023-06","[Uid] v7 is the new default..."
"symfony","symfony",50798,"https://github.com/symfony/symfony/pull/50798","MERGED","2023-06-27T16:41:17Z","2023-06-28T19:07:55Z","alli83","2023-06","[Lock] add missing UPGRADE..."
"symfony","symfony-docs",18457,"https://github.com/symfony/symfony-docs/pull/18457","MERGED","2023-06-27T14:36:18Z","2023-07-06T15:09:02Z","javiereguiluz","2023-06","[Doctrine] Deprecate Doctrine..."
"symfony","symfony",50797,"https://github.com/symfony/symfony/pull/50797","OPEN","2023-06-27T14:07:21Z","","alexandre-daubois","2023-06","[FrameworkBundle][Validator]..."
"symfony","maker-bundle",1329,"https://github.com/symfony/maker-bundle/pull/1329","OPEN","2023-06-27T13:58:22Z","","Coffee2CodeNL","2023-06","Add support for generating..."
"symfony","symfony",50796,"https://github.com/symfony/symfony/pull/50796","CLOSED","2023-06-27T13:40:10Z","","neufman","2023-06","[HttpClient] Fix..."
"symfony","symfony",50794,"https://github.com/symfony/symfony/pull/50794","CLOSED","2023-06-27T10:26:58Z","","Dirkhuethorst","2023-06","[TwigBridge] Change return..."
"symfony","twig-bridge",12,"https://github.com/symfony/twig-bridge/pull/12","CLOSED","2023-06-27T10:19:46Z","","Dirkhuethorst","2023-06","[TwigBridge] Fix for GitHub..."
"symfony","symfony",50793,"https://github.com/symfony/symfony/pull/50793","MERGED","2023-06-27T10:14:57Z","2023-06-28T19:31:38Z","nicolas-grekas","2023-06","[DependencyInjection] Fix..."
"symfony","symfony",50791,"https://github.com/symfony/symfony/pull/50791","MERGED","2023-06-27T09:46:00Z","2023-06-28T19:16:16Z","GaryPEGEOT","2023-06","[DependencyInjection] Add..."
"symfony","symfony",50790,"https://github.com/symfony/symfony/pull/50790","MERGED","2023-06-27T09:11:53Z","2023-06-30T06:31:43Z","javiereguiluz","2023-06","[WebProfilerBundle] Split and..."
"symfony","ux",972,"https://github.com/symfony/ux/pull/972","CLOSED","2023-06-27T07:58:47Z","","nicodemuz","2023-06","Update namespace for..."
"symfony","symfony",50788,"https://github.com/symfony/symfony/pull/50788","MERGED","2023-06-27T06:47:50Z","2023-07-20T14:24:23Z","rmikalkenas","2023-06","[Validator] Fix regression..."
"symfony","symfony",50787,"https://github.com/symfony/symfony/pull/50787","MERGED","2023-06-27T02:26:53Z","2023-09-29T15:11:21Z","HypeMC","2023-06","[Messenger] Fix exiting..."
"symfony","ux",971,"https://github.com/symfony/ux/pull/971","MERGED","2023-06-26T17:44:40Z","2023-06-28T20:17:24Z","weaverryan","2023-06","Updating documentation for..."
"symfony","symfony",50784,"https://github.com/symfony/symfony/pull/50784","MERGED","2023-06-26T16:05:46Z","2023-06-26T16:36:48Z","alli83","2023-06","[DoctrineBridge] add missing..."
"symfony","symfony",50783,"https://github.com/symfony/symfony/pull/50783","OPEN","2023-06-26T15:35:59Z","","nikophil","2023-06","[EventDispatcher] Improve..."
"symfony","symfony",50777,"https://github.com/symfony/symfony/pull/50777","OPEN","2023-06-26T07:29:39Z","","nikophil","2023-06","[EventDispatcher] Improve..."
"symfony","symfony",50776,"https://github.com/symfony/symfony/pull/50776","MERGED","2023-06-26T07:29:22Z","2023-06-27T09:43:38Z","shyim","2023-06","[Serializer] Fix type error..."
"symfony","symfony",50775,"https://github.com/symfony/symfony/pull/50775","MERGED","2023-06-26T06:23:00Z","2023-06-28T19:10:44Z","nikophil","2023-06","[EventDispatcher] Throw..."
"symfony","symfony",50773,"https://github.com/symfony/symfony/pull/50773","MERGED","2023-06-26T06:07:37Z","2023-06-26T06:07:44Z","fabpot","2023-06","Release v6.3.1"
"symfony","symfony",50772,"https://github.com/symfony/symfony/pull/50772","MERGED","2023-06-26T06:02:54Z","2023-06-26T06:03:00Z","fabpot","2023-06","Release v6.2.12"
"symfony","symfony",50771,"https://github.com/symfony/symfony/pull/50771","MERGED","2023-06-26T05:58:18Z","2023-06-26T05:58:24Z","fabpot","2023-06","Release v5.4.25"
"symfony","symfony-docs",18455,"https://github.com/symfony/symfony-docs/pull/18455","MERGED","2023-06-26T02:29:31Z","2023-06-26T08:48:06Z","janklan","2023-06","Fix incorrect placement of..."
"symfony","symfony",50770,"https://github.com/symfony/symfony/pull/50770","MERGED","2023-06-25T20:19:32Z","2023-07-03T13:00:31Z","seb-jean","2023-06","[TwigBridge] Allow to change..."
"symfony","symfony",50769,"https://github.com/symfony/symfony/pull/50769","CLOSED","2023-06-25T19:12:55Z","","helyakin","2023-06","[HttpClient] declaring..."
"symfony","symfony-docs",18454,"https://github.com/symfony/symfony-docs/pull/18454","MERGED","2023-06-25T11:45:29Z","2023-06-26T07:28:10Z","timkrase","2023-06","[Tests] Update PHPUnit..."
"symfony","symfony",50767,"https://github.com/symfony/symfony/pull/50767","MERGED","2023-06-25T10:32:24Z","2023-08-01T08:57:19Z","zim32","2023-06","[HttpKernel]..."
"symfony","ux",969,"https://github.com/symfony/ux/pull/969","MERGED","2023-06-25T01:32:51Z","2023-06-25T13:27:29Z","1ed","2023-06","[TwigComponent] Fix escaping..."
"symfony","maker-bundle",1328,"https://github.com/symfony/maker-bundle/pull/1328","MERGED","2023-06-24T17:46:12Z","2023-07-10T17:05:27Z","mdoutreluingne","2023-06","[WCM] Deleting `save` and..."
"symfony","ux",967,"https://github.com/symfony/ux/pull/967","MERGED","2023-06-23T19:08:35Z","2023-06-25T13:28:29Z","weaverryan","2023-06","[Live] Method Name changes..."
"symfony","symfony",50763,"https://github.com/symfony/symfony/pull/50763","MERGED","2023-06-23T16:24:51Z","2023-06-24T11:59:50Z","nicolas-grekas","2023-06","[DependencyInjection] Skip..."
"symfony","symfony-docs",18453,"https://github.com/symfony/symfony-docs/pull/18453","MERGED","2023-06-23T14:36:48Z","2023-06-24T12:02:05Z","thimisc","2023-06","[Validator] Remove incomplete..."
"symfony","symfony",50761,"https://github.com/symfony/symfony/pull/50761","MERGED","2023-06-23T14:10:42Z","2023-09-29T16:16:42Z","alexandre-daubois","2023-06","[DoctrineBridge] Ignore..."
"symfony","symfony",50760,"https://github.com/symfony/symfony/pull/50760","MERGED","2023-06-23T13:26:19Z","2023-06-24T06:17:56Z","nicolas-grekas","2023-06","[PhpUnitBridge] Require..."
"symfony","symfony-docs",18452,"https://github.com/symfony/symfony-docs/pull/18452","MERGED","2023-06-23T13:23:25Z","2023-06-26T07:26:53Z","javiereguiluz","2023-06","Mention Rector in the..."
"symfony","symfony-docs",18451,"https://github.com/symfony/symfony-docs/pull/18451","MERGED","2023-06-23T11:53:31Z","2023-06-24T12:00:41Z","FabienPapet","2023-06","Fix return type on custom..."
"symfony","symfony",50755,"https://github.com/symfony/symfony/pull/50755","MERGED","2023-06-23T08:59:25Z","2023-06-24T06:15:30Z","alamirault","2023-06","[Console] Improve..."
"symfony","symfony",50754,"https://github.com/symfony/symfony/pull/50754","MERGED","2023-06-23T08:58:23Z","2023-06-28T16:34:50Z","helyakin","2023-06","[HttpKernel] when configuring..."
"symfony","framework-bundle",37,"https://github.com/symfony/framework-bundle/pull/37","CLOSED","2023-06-23T08:47:00Z","","helyakin","2023-06",":bug: (kernel) when..."
"symfony","symfony",50752,"https://github.com/symfony/symfony/pull/50752","MERGED","2023-06-23T08:12:11Z","2023-06-23T08:17:59Z","javiereguiluz","2023-06","[WebProfilerBundle] Fix..."
"symfony","symfony-docs",18450,"https://github.com/symfony/symfony-docs/pull/18450","OPEN","2023-06-23T07:19:31Z","","javiereguiluz","2023-06","Show a more prominent warning..."
"symfony","recipes",1219,"https://github.com/symfony/recipes/pull/1219","MERGED","2023-06-23T07:18:05Z","2023-06-23T13:22:27Z","nicolas-grekas","2023-06","Comment <extensions> tag..."
"symfony","ux",965,"https://github.com/symfony/ux/pull/965","MERGED","2023-06-22T23:59:08Z","2023-06-23T00:00:16Z","weaverryan","2023-06","[Site] Fixing docker config..."
"symfony","ux",964,"https://github.com/symfony/ux/pull/964","MERGED","2023-06-22T19:59:24Z","2023-06-26T17:46:39Z","weaverryan","2023-06","[StimulusBundle] Fixing bug..."
"symfony","symfony",50749,"https://github.com/symfony/symfony/pull/50749","MERGED","2023-06-22T19:55:36Z","2023-06-24T06:20:08Z","weaverryan","2023-06","[AssetMapper] Allow..."
"symfony","symfony",50747,"https://github.com/symfony/symfony/pull/50747","MERGED","2023-06-22T16:35:22Z","2023-06-23T07:24:21Z","mdeboer","2023-06","[HttpKernel] Nullable and..."
"symfony","ux",963,"https://github.com/symfony/ux/pull/963","MERGED","2023-06-22T16:17:16Z","2023-06-23T00:01:44Z","kbond","2023-06","[Site] updates"
"symfony","symfony",50745,"https://github.com/symfony/symfony/pull/50745","OPEN","2023-06-22T15:47:05Z","","n-valverde","2023-06","[DependencyInjection] Add..."
"symfony","symfony-docs",18449,"https://github.com/symfony/symfony-docs/pull/18449","MERGED","2023-06-22T14:51:20Z","2023-10-16T11:58:29Z","alexandre-daubois","2023-06","Remove all 6.x `versionadded`..."
"symfony","symfony-docs",18448,"https://github.com/symfony/symfony-docs/pull/18448","MERGED","2023-06-22T11:48:34Z","2023-08-16T20:48:56Z","alexandre-daubois","2023-06","Remove all 6.x deprecations..."
"symfony","symfony-docs",18447,"https://github.com/symfony/symfony-docs/pull/18447","MERGED","2023-06-22T09:30:18Z","2023-06-22T11:35:23Z","alexandre-daubois","2023-06","[Validator] Allow single..."
"symfony","symfony-docs",18446,"https://github.com/symfony/symfony-docs/pull/18446","MERGED","2023-06-22T09:27:18Z","2023-06-22T11:19:19Z","alexandre-daubois","2023-06","[Validator] Allow single..."
"symfony","recipes-contrib",1525,"https://github.com/symfony/recipes-contrib/pull/1525","MERGED","2023-06-22T09:11:01Z","2023-06-24T15:32:41Z","lhapaipai","2023-06","update pentatrion/vite-bundle..."
"symfony","symfony",50743,"https://github.com/symfony/symfony/pull/50743","MERGED","2023-06-22T08:18:18Z","2023-06-26T07:27:39Z","bastnic","2023-06","[DependencyInjection] Skip..."
"symfony","symfony",50742,"https://github.com/symfony/symfony/pull/50742","MERGED","2023-06-22T07:48:28Z","2023-06-22T13:46:03Z","nicolas-grekas","2023-06","[Messenger] Preserve existing..."
"symfony","ux",962,"https://github.com/symfony/ux/pull/962","MERGED","2023-06-21T23:54:11Z","2023-06-22T15:04:45Z","biostaz","2023-06","[Doc] Fix variable name and..."
"symfony","symfony",50736,"https://github.com/symfony/symfony/pull/50736","MERGED","2023-06-21T20:13:06Z","2023-06-30T10:03:56Z","lyrixx","2023-06","[Serializer] Remove BC layer"
"symfony","symfony",50735,"https://github.com/symfony/symfony/pull/50735","MERGED","2023-06-21T19:45:28Z","2023-06-22T11:34:53Z","lyrixx","2023-06","[Serializer] Refactor tests..."
"symfony","symfony",50734,"https://github.com/symfony/symfony/pull/50734","MERGED","2023-06-21T19:13:31Z","2023-10-16T20:16:18Z","nlemoine","2023-06","[ErrorHandler] Improve..."
"symfony","symfony-docs",18445,"https://github.com/symfony/symfony-docs/pull/18445","MERGED","2023-06-21T17:30:20Z","2023-06-21T19:04:35Z","tacman","2023-06","[Cache] Update cache.rst"
"symfony","symfony",50730,"https://github.com/symfony/symfony/pull/50730","MERGED","2023-06-21T16:00:49Z","2023-06-21T16:22:35Z","nicolas-grekas","2023-06","[HttpFoundation] Make..."
"symfony","symfony",50729,"https://github.com/symfony/symfony/pull/50729","MERGED","2023-06-21T15:24:21Z","2023-07-07T06:12:00Z","franckranaivo","2023-06","[CssSelector] Tests on Xpath..."
"symfony","symfony",50728,"https://github.com/symfony/symfony/pull/50728","MERGED","2023-06-21T14:45:09Z","2023-06-24T09:57:36Z","nicolas-grekas","2023-06","[HttpClient] Explicitly..."
"symfony","symfony",50727,"https://github.com/symfony/symfony/pull/50727","MERGED","2023-06-21T14:28:39Z","2023-07-13T10:33:24Z","nicolas-grekas","2023-06","[DependencyInjection] Make..."
"symfony","symfony",50726,"https://github.com/symfony/symfony/pull/50726","CLOSED","2023-06-21T14:10:12Z","","franckranaivo","2023-06","[CssSelector] Tests on XPath..."
"symfony","ux",958,"https://github.com/symfony/ux/pull/958","MERGED","2023-06-21T13:02:43Z","2023-06-22T15:05:25Z","weaverryan","2023-06","[Live] Adding missing..."
"symfony","recipes",1218,"https://github.com/symfony/recipes/pull/1218","CLOSED","2023-06-21T09:57:05Z","","OskarStark","2023-06","[Notifier][Redlink] add-lines"
"symfony","symfony-docs",18441,"https://github.com/symfony/symfony-docs/pull/18441","MERGED","2023-06-21T09:16:39Z","2023-06-21T10:21:27Z","alexandre-daubois","2023-06","[DependencyInjection] Remove..."
"symfony","symfony",50724,"https://github.com/symfony/symfony/pull/50724","CLOSED","2023-06-21T07:59:52Z","","nicolas-grekas","2023-06","[Form] Add $immutable flag to..."
"symfony","recipes",1217,"https://github.com/symfony/recipes/pull/1217","MERGED","2023-06-21T06:49:45Z","2023-06-21T12:37:46Z","nicolas-grekas","2023-06","[symfony/*-notifier] Leverage..."
"symfony","symfony",50723,"https://github.com/symfony/symfony/pull/50723","CLOSED","2023-06-20T21:10:19Z","","shyim","2023-06","[DependencyInjection] Allow..."
"symfony","ux",956,"https://github.com/symfony/ux/pull/956","OPEN","2023-06-20T20:16:39Z","","mina20088","2023-06","[Twig..."
"symfony","symfony",50722,"https://github.com/symfony/symfony/pull/50722","CLOSED","2023-06-20T20:15:56Z","","BASAKSemih","2023-06","[Mime][Address] Add Custom..."
"symfony","symfony-docs",18439,"https://github.com/symfony/symfony-docs/pull/18439","MERGED","2023-06-20T19:46:14Z","2023-06-21T10:04:44Z","alexandre-daubois","2023-06","Add type-hints and return..."
"symfony","symfony",50720,"https://github.com/symfony/symfony/pull/50720","CLOSED","2023-06-20T17:07:41Z","","BASAKSemih","2023-06","[Form] [MoneyType] Add..."
"symfony","recipes-contrib",1524,"https://github.com/symfony/recipes-contrib/pull/1524","MERGED","2023-06-20T15:54:17Z","2023-06-21T06:14:03Z","nicolas-grekas","2023-06","[dama/doctrine-test-bundle]..."
"symfony","recipes",1216,"https://github.com/symfony/recipes/pull/1216","MERGED","2023-06-20T15:54:06Z","2023-06-21T06:30:50Z","nicolas-grekas","2023-06","[symfony/panther] Set..."
"symfony","symfony",50718,"https://github.com/symfony/symfony/pull/50718","MERGED","2023-06-20T15:11:09Z","2023-07-13T12:19:48Z","nicolas-grekas","2023-06","[DependencyInjection] Improve..."
"symfony","symfony",50717,"https://github.com/symfony/symfony/pull/50717","CLOSED","2023-06-20T13:17:38Z","","brusch","2023-06","[Messenger Doctrine] Fixed..."
"symfony","symfony",50716,"https://github.com/symfony/symfony/pull/50716","CLOSED","2023-06-20T12:38:59Z","","brusch","2023-06","[Messenger Doctrine] Fixed..."
"symfony","sendinblue-mailer",2,"https://github.com/symfony/sendinblue-mailer/pull/2","CLOSED","2023-06-20T12:28:19Z","","etlam","2023-06","Take subject from sendinblue..."
"symfony","symfony-docs",18438,"https://github.com/symfony/symfony-docs/pull/18438","MERGED","2023-06-20T11:53:23Z","2023-06-21T10:39:35Z","alexandre-daubois","2023-06","[Console] Add SignalMap to..."
"symfony","ux",954,"https://github.com/symfony/ux/pull/954","CLOSED","2023-06-20T09:07:44Z","","gilles-g","2023-06","[TwigComponent][Example]..."
"symfony","symfony",50712,"https://github.com/symfony/symfony/pull/50712","MERGED","2023-06-20T08:59:29Z","2023-06-20T20:46:15Z","nicolas-grekas","2023-06","[FrameworkBundle] Fix..."
"symfony","symfony-docs",18434,"https://github.com/symfony/symfony-docs/pull/18434","MERGED","2023-06-20T08:24:05Z","2023-06-20T08:39:48Z","franckranaivo","2023-06","[Yaml] Typo in yaml component"
"symfony","symfony",50710,"https://github.com/symfony/symfony/pull/50710","MERGED","2023-06-20T07:35:09Z","2023-06-24T09:56:31Z","nicolas-grekas","2023-06","[FrameworkBundle] Fix setting..."
"symfony","ux",953,"https://github.com/symfony/ux/pull/953","MERGED","2023-06-19T20:36:01Z","2023-06-23T00:13:10Z","jon-ht","2023-06","[StimulusBundle] Fix..."
"symfony","symfony",50709,"https://github.com/symfony/symfony/pull/50709","MERGED","2023-06-19T20:05:32Z","2023-06-30T08:42:37Z","alamirault","2023-06","[DoctrineBridge] Improve..."
"symfony","symfony-docs",18433,"https://github.com/symfony/symfony-docs/pull/18433","MERGED","2023-06-19T15:15:45Z","2023-06-20T08:41:01Z","alexandre-daubois","2023-06","Removed some occurrences of..."
"symfony","recipes-contrib",1523,"https://github.com/symfony/recipes-contrib/pull/1523","MERGED","2023-06-19T12:11:55Z","2023-06-19T14:22:25Z","nicolas-grekas","2023-06","[dama/doctrine-test-bundle]..."
"symfony","recipes",1215,"https://github.com/symfony/recipes/pull/1215","MERGED","2023-06-19T12:01:06Z","2023-06-19T12:36:41Z","nicolas-grekas","2023-06","[symfony/panther] leverage..."
"symfony","symfony",50706,"https://github.com/symfony/symfony/pull/50706","CLOSED","2023-06-19T10:11:55Z","","sebastianstucke87","2023-06","Update return-type in..."
"symfony","symfony",50705,"https://github.com/symfony/symfony/pull/50705","MERGED","2023-06-19T09:56:06Z","2023-08-30T06:42:42Z","WoutervanderLoopNL","2023-06","[Mailer][Webhook] Add..."
"symfony","symfony",50703,"https://github.com/symfony/symfony/pull/50703","MERGED","2023-06-19T09:29:15Z","2023-06-20T09:28:12Z","jderusse","2023-06","ICU 73.2"
"symfony","symfony",50702,"https://github.com/symfony/symfony/pull/50702","CLOSED","2023-06-19T08:55:49Z","","BirdboyBolu","2023-06","Update README.md"
"symfony","symfony",50699,"https://github.com/symfony/symfony/pull/50699","MERGED","2023-06-18T20:43:10Z","2023-06-21T09:32:45Z","alli83","2023-06","[DoctrineBridge] add missing..."
"symfony","symfony",50698,"https://github.com/symfony/symfony/pull/50698","MERGED","2023-06-18T20:21:07Z","2023-06-20T10:33:51Z","francisbesset","2023-06","[HttpClient] Fix int..."
"symfony","symfony",50697,"https://github.com/symfony/symfony/pull/50697","CLOSED","2023-06-18T20:14:29Z","","francisbesset","2023-06","[HttpClient] Fix int..."
"symfony","symfony-docs",18432,"https://github.com/symfony/symfony-docs/pull/18432","CLOSED","2023-06-18T18:35:23Z","","andreybolonin","2023-06","[Perfomance] Use NVMe disks"
"symfony","symfony",50696,"https://github.com/symfony/symfony/pull/50696","MERGED","2023-06-18T15:50:55Z","2023-06-20T10:24:05Z","chalasr","2023-06","[Security] Fix log message..."
"symfony","symfony",50695,"https://github.com/symfony/symfony/pull/50695","OPEN","2023-06-18T15:39:30Z","","chalasr","2023-06","[Security] Improve error..."
"symfony","symfony-docs",18431,"https://github.com/symfony/symfony-docs/pull/18431","MERGED","2023-06-18T13:05:35Z","2023-06-19T15:47:59Z","alamirault","2023-06","Remove symfony 5.x version..."
"symfony","symfony-docs",18430,"https://github.com/symfony/symfony-docs/pull/18430","MERGED","2023-06-18T12:59:43Z","2023-06-19T08:42:03Z","alamirault","2023-06","Remove PHPUnit 5.3 references"
"symfony","symfony",50694,"https://github.com/symfony/symfony/pull/50694","MERGED","2023-06-18T12:41:15Z","2023-06-20T21:13:16Z","alamirault","2023-06","[SecurityBundle] Remove last..."
"symfony","symfony-docs",18429,"https://github.com/symfony/symfony-docs/pull/18429","MERGED","2023-06-17T17:26:56Z","2023-06-19T08:42:48Z","vinceAmstoutz","2023-06","Fix `doctrine/dbal`..."
"symfony","symfony-docs",18428,"https://github.com/symfony/symfony-docs/pull/18428","CLOSED","2023-06-17T11:59:38Z","","ThomasLandauer","2023-06","Minor improvements & bugfixes"
"symfony","symfony-docs",18427,"https://github.com/symfony/symfony-docs/pull/18427","CLOSED","2023-06-17T11:20:48Z","","xelaris","2023-06","[Uid] Use ::class to..."
"symfony","symfony",50691,"https://github.com/symfony/symfony/pull/50691","MERGED","2023-06-17T11:07:39Z","2023-06-20T10:31:58Z","jaytaph","2023-06","[Console] Aligned multiline..."
"symfony","maker-bundle",1326,"https://github.com/symfony/maker-bundle/pull/1326","MERGED","2023-06-16T15:34:58Z","2023-06-19T14:25:53Z","94noni","2023-06","Add composer `dev` keyword"
"symfony","symfony",50689,"https://github.com/symfony/symfony/pull/50689","MERGED","2023-06-16T14:47:18Z","2023-06-28T19:22:54Z","alli83","2023-06","[Cache][DoctrineBridge][Lock][Messenger]..."
"symfony","symfony-docs",18426,"https://github.com/symfony/symfony-docs/pull/18426","MERGED","2023-06-16T13:35:19Z","2023-06-19T06:25:22Z","javiereguiluz","2023-06","[Security] Remove the..."
"symfony","symfony-docs",18425,"https://github.com/symfony/symfony-docs/pull/18425","CLOSED","2023-06-16T13:19:36Z","","javiereguiluz","2023-06","Remove any mention to PHP..."
"symfony","symfony",50687,"https://github.com/symfony/symfony/pull/50687","OPEN","2023-06-16T12:20:03Z","","nikophil","2023-06","[EventDispatcher] add a way..."
"symfony","symfony",50686,"https://github.com/symfony/symfony/pull/50686","MERGED","2023-06-16T12:00:44Z","2023-06-20T10:23:06Z","valtzu","2023-06","[Messenger] Don't mark..."
"symfony","ux",951,"https://github.com/symfony/ux/pull/951","MERGED","2023-06-16T11:04:47Z","2023-06-16T17:39:10Z","weaverryan","2023-06","[Turbo] Fixing a bug where..."
"symfony","symfony-docs",18424,"https://github.com/symfony/symfony-docs/pull/18424","MERGED","2023-06-16T11:01:22Z","2023-06-19T06:28:40Z","javiereguiluz","2023-06","[Doctrine] Warn about DBAL..."
"symfony","symfony-docs",18423,"https://github.com/symfony/symfony-docs/pull/18423","MERGED","2023-06-16T10:11:12Z","2023-06-16T11:19:43Z","Leannapelham","2023-06","[VarExporter] Updating class..."
"symfony","webpack-encore-bundle",219,"https://github.com/symfony/webpack-encore-bundle/pull/219","OPEN","2023-06-16T10:07:37Z","","ThomasLandauer","2023-06","Minor rewording"
"symfony","symfony-docs",18422,"https://github.com/symfony/symfony-docs/pull/18422","MERGED","2023-06-16T09:49:31Z","2023-06-16T10:03:19Z","javiereguiluz","2023-06","[Validator] Give more details..."
"symfony","symfony",50680,"https://github.com/symfony/symfony/pull/50680","CLOSED","2023-06-16T05:51:36Z","","heiglandreas","2023-06","Mark class-constants as..."
"symfony","security-bundle",7,"https://github.com/symfony/security-bundle/pull/7","CLOSED","2023-06-16T05:47:11Z","","heiglandreas","2023-06","Mark class-constants as..."
"symfony","symfony-docs",18420,"https://github.com/symfony/symfony-docs/pull/18420","OPEN","2023-06-15T22:35:43Z","","dwgebler","2023-06","Add documentation for..."
"symfony","symfony",50679,"https://github.com/symfony/symfony/pull/50679","OPEN","2023-06-15T22:35:27Z","","dwgebler","2023-06","[Validator] Validate all..."
"symfony","symfony-docs",18419,"https://github.com/symfony/symfony-docs/pull/18419","CLOSED","2023-06-15T19:15:14Z","","alirezarahmani","2023-06","Update tags.rst"
"symfony","ux",950,"https://github.com/symfony/ux/pull/950","MERGED","2023-06-15T17:45:20Z","2023-06-16T17:41:05Z","weaverryan","2023-06","[Live] Fixing bug with..."
"symfony","symfony",50678,"https://github.com/symfony/symfony/pull/50678","CLOSED","2023-06-15T17:30:17Z","","ro0NL","2023-06","[Contracts/Deprecation] Allow..."
"symfony","symfony-docs",18418,"https://github.com/symfony/symfony-docs/pull/18418","MERGED","2023-06-15T16:12:41Z","2023-06-16T08:00:31Z","alexander-schranz","2023-06","[DependencyInjection] Fix xml..."
"symfony","symfony",50673,"https://github.com/symfony/symfony/pull/50673","MERGED","2023-06-15T14:27:17Z","2023-06-21T09:36:18Z","javaDeveloperKid","2023-06","[HttpKernel] make..."
"symfony","ux",949,"https://github.com/symfony/ux/pull/949","MERGED","2023-06-15T14:06:53Z","2023-06-19T14:24:46Z","WebMamba","2023-06","Ignore verbatim block during..."
"symfony","maker-bundle",1325,"https://github.com/symfony/maker-bundle/pull/1325","MERGED","2023-06-15T12:44:14Z","2023-07-10T17:07:36Z","pbek","2023-06","Fix typo"
"symfony","symfony",50671,"https://github.com/symfony/symfony/pull/50671","MERGED","2023-06-15T12:29:17Z","2023-06-21T09:50:54Z","Kozzi11","2023-06","[HttpClient] Fix encoding..."
"symfony","symfony",50667,"https://github.com/symfony/symfony/pull/50667","MERGED","2023-06-15T11:04:42Z","2023-06-23T07:47:22Z","andersonamuller","2023-06","Improve return type of..."
"symfony","ux",946,"https://github.com/symfony/ux/pull/946","MERGED","2023-06-15T10:00:38Z","2023-06-19T13:59:56Z","bendavies","2023-06","bump to php >=8.1 everywhere"
"symfony","symfony-docs",18417,"https://github.com/symfony/symfony-docs/pull/18417","MERGED","2023-06-15T08:48:24Z","2023-06-20T08:42:10Z","mpdude","2023-06","[Translation] Mention that..."
"symfony","symfony",50665,"https://github.com/symfony/symfony/pull/50665","MERGED","2023-06-15T07:36:53Z","2023-06-21T05:15:55Z","ro0NL","2023-06","[FrameworkBundle] Ignore..."
"symfony","recipes",1214,"https://github.com/symfony/recipes/pull/1214","MERGED","2023-06-15T07:28:34Z","2023-06-20T16:05:26Z","wouter-toppy","2023-06","[Notifier] Add Novu bridge"
"symfony","ux",945,"https://github.com/symfony/ux/pull/945","MERGED","2023-06-15T06:26:42Z","2023-06-19T18:55:36Z","Kocal","2023-06","fix(translator): generate..."
"symfony","symfony-docs",18416,"https://github.com/symfony/symfony-docs/pull/18416","MERGED","2023-06-14T21:30:22Z","2023-06-15T06:50:57Z","Enz000","2023-06","[DependencyInjection]..."
"symfony","ux",944,"https://github.com/symfony/ux/pull/944","MERGED","2023-06-14T20:45:18Z","2023-06-19T14:06:45Z","bendavies","2023-06","LiveComponents: nested..."
"symfony","symfony",50664,"https://github.com/symfony/symfony/pull/50664","CLOSED","2023-06-14T18:35:32Z","","ro0NL","2023-06","[HttpFoundation] Default..."
"symfony","symfony",50663,"https://github.com/symfony/symfony/pull/50663","MERGED","2023-06-14T16:12:16Z","2023-06-20T10:21:00Z","lyrixx","2023-06","[Console] Add `SignalMap` to..."
"symfony","symfony",50662,"https://github.com/symfony/symfony/pull/50662","MERGED","2023-06-14T15:27:17Z","2023-10-02T18:46:42Z","welcoMattic","2023-06","[FrameworkBundle] Add..."
"symfony","ux",943,"https://github.com/symfony/ux/pull/943","MERGED","2023-06-14T14:37:58Z","2023-06-14T16:06:02Z","weaverryan","2023-06","[LiveComponent] Working..."
"symfony","symfony",50660,"https://github.com/symfony/symfony/pull/50660","CLOSED","2023-06-14T13:03:38Z","","lyrixx","2023-06","Make some classes final"
"symfony","symfony",50659,"https://github.com/symfony/symfony/pull/50659","CLOSED","2023-06-14T12:51:43Z","","KerianMM","2023-06","[Console] Add Table helper..."
"symfony","symfony-docs",18415,"https://github.com/symfony/symfony-docs/pull/18415","MERGED","2023-06-14T12:18:01Z","2023-06-14T12:57:52Z","alexandre-daubois","2023-06","[Process] Remove wrong note..."
"symfony","ux",942,"https://github.com/symfony/ux/pull/942","MERGED","2023-06-14T12:04:43Z","2023-06-29T19:46:52Z","jmsche","2023-06","Stimulus controllers: allow..."
"symfony","symfony",50656,"https://github.com/symfony/symfony/pull/50656","CLOSED","2023-06-14T09:20:38Z","","Seldaek","2023-06","Only update..."
"symfony","symfony",50655,"https://github.com/symfony/symfony/pull/50655","MERGED","2023-06-14T08:27:42Z","2023-06-21T05:17:40Z","bendavies","2023-06","Revert 'Respect isRetryable..."
"symfony","flex",981,"https://github.com/symfony/flex/pull/981","MERGED","2023-06-13T21:11:16Z","2023-08-03T06:16:14Z","shyim","2023-06","fix: deprecations triggered..."
"symfony","symfony",50654,"https://github.com/symfony/symfony/pull/50654","MERGED","2023-06-13T20:32:11Z","2023-06-21T10:22:37Z","alexandre-daubois","2023-06","[Validator] Add the `message`..."
"symfony","symfony-docs",18411,"https://github.com/symfony/symfony-docs/pull/18411","MERGED","2023-06-13T20:22:23Z","2023-06-14T10:02:43Z","aurac","2023-06","[Bundles] Update wording..."
"symfony","ux",939,"https://github.com/symfony/ux/pull/939","MERGED","2023-06-13T14:59:51Z","2023-06-26T17:45:15Z","weaverryan","2023-06","Fixing old..."
"symfony","symfony-docs",18410,"https://github.com/symfony/symfony-docs/pull/18410","MERGED","2023-06-13T12:01:28Z","2023-06-14T10:05:16Z","MaxiCom","2023-06","[Security] Update..."
"symfony","symfony-docs",18409,"https://github.com/symfony/symfony-docs/pull/18409","MERGED","2023-06-13T12:00:22Z","2023-06-14T10:29:51Z","jeireff","2023-06","[Security] Update voters.rst"
"symfony","symfony-docs",18408,"https://github.com/symfony/symfony-docs/pull/18408","CLOSED","2023-06-13T10:37:19Z","","linkedupbits","2023-06","Include php opening tag in..."
"symfony","maker-bundle",1324,"https://github.com/symfony/maker-bundle/pull/1324","MERGED","2023-06-13T09:22:40Z","2023-06-13T14:12:22Z","mano-lis","2023-06","Fix(Doctrine Repository..."
"symfony","symfony",50644,"https://github.com/symfony/symfony/pull/50644","MERGED","2023-06-13T08:32:34Z","2023-06-20T20:58:49Z","bogdanmoza","2023-06","[VarDumper] Dumping DateTime..."
"symfony","symfony-docs",18407,"https://github.com/symfony/symfony-docs/pull/18407","MERGED","2023-06-13T08:20:24Z","2023-06-14T10:28:10Z","baptistepottier","2023-06","[Security] Update voters.rst"
"symfony","symfony-docs",18406,"https://github.com/symfony/symfony-docs/pull/18406","MERGED","2023-06-13T07:21:59Z","2023-06-21T09:14:20Z","alexandre-daubois","2023-06","[HttpKernel] Deprecate..."
"symfony","symfony",50641,"https://github.com/symfony/symfony/pull/50641","CLOSED","2023-06-12T18:35:25Z","","danielburger1337","2023-06","[HttpClient] Add..."
"symfony","symfony",50640,"https://github.com/symfony/symfony/pull/50640","CLOSED","2023-06-12T18:14:51Z","","mbuliard","2023-06","[FrameworkBundle][Routing]..."
"symfony","recipes-contrib",1522,"https://github.com/symfony/recipes-contrib/pull/1522","MERGED","2023-06-12T15:24:56Z","2023-06-12T16:24:31Z","jacquesbh","2023-06","[monsieurbiz/sylius-homepage-plugin]..."
"symfony","symfony",50637,"https://github.com/symfony/symfony/pull/50637","MERGED","2023-06-12T14:46:54Z","2023-06-24T09:59:45Z","Toflar","2023-06","[FrameworkBundle] Fixed..."
"symfony","symfony-docs",18404,"https://github.com/symfony/symfony-docs/pull/18404","MERGED","2023-06-12T13:05:36Z","2023-06-12T14:49:06Z","alexandre-daubois","2023-06","[Standards] Update code..."
"symfony","symfony-docs",18403,"https://github.com/symfony/symfony-docs/pull/18403","MERGED","2023-06-12T11:54:17Z","2023-06-15T07:21:53Z","alexandre-daubois","2023-06","[Console] Call command with..."
"symfony","symfony",50633,"https://github.com/symfony/symfony/pull/50633","CLOSED","2023-06-12T10:46:08Z","","fancyweb","2023-06","[HttpClient] Postpone..."
"symfony","symfony-docs",18402,"https://github.com/symfony/symfony-docs/pull/18402","CLOSED","2023-06-12T07:33:34Z","","amenophis","2023-06","[DependencyInjection] List..."
"symfony","ux",936,"https://github.com/symfony/ux/pull/936","MERGED","2023-06-11T19:47:57Z","2023-09-27T16:57:31Z","sneakyvv","2023-06","[TwigComponent] Add variable..."
"symfony","symfony-docs",18401,"https://github.com/symfony/symfony-docs/pull/18401","MERGED","2023-06-11T06:18:45Z","2023-06-12T14:01:23Z","abdellahrk","2023-06","Update asset_mapper.rst"
"symfony","symfony",50626,"https://github.com/symfony/symfony/pull/50626","OPEN","2023-06-10T08:39:28Z","","MatTheCat","2023-06","[HttpFoundation] Make..."
"symfony","symfony",50625,"https://github.com/symfony/symfony/pull/50625","MERGED","2023-06-10T07:23:18Z","2023-06-21T09:57:42Z","stloyd","2023-06","[Validator] Add missing..."
"symfony","symfony-docs",18399,"https://github.com/symfony/symfony-docs/pull/18399","MERGED","2023-06-09T19:45:30Z","2023-06-12T13:55:07Z","colinodell","2023-06","[PropertyInfo] Fix..."
"symfony","symfony",50621,"https://github.com/symfony/symfony/pull/50621","MERGED","2023-06-09T15:20:10Z","2023-06-21T09:56:22Z","Louis-Proffit","2023-06","[FrameworkBundle][Workflow]..."
"symfony","symfony-docs",18398,"https://github.com/symfony/symfony-docs/pull/18398","OPEN","2023-06-09T15:10:30Z","","Louis-Proffit","2023-06","[Workflow] feature..."
"symfony","symfony",50620,"https://github.com/symfony/symfony/pull/50620","MERGED","2023-06-09T15:07:50Z","2023-06-09T16:20:57Z","Neirda24","2023-06","[Translation][Validator] Fix..."
"symfony","symfony-docs",18396,"https://github.com/symfony/symfony-docs/pull/18396","MERGED","2023-06-09T12:42:35Z","2023-06-09T15:27:27Z","danielburger1337","2023-06","[HttpClient] Fix versionadded..."
"symfony","symfony",50615,"https://github.com/symfony/symfony/pull/50615","MERGED","2023-06-09T12:31:47Z","2023-06-20T20:45:13Z","alexandre-daubois","2023-06","[DependencyInjection]..."
"symfony","symfony",50614,"https://github.com/symfony/symfony/pull/50614","CLOSED","2023-06-09T12:05:08Z","","nikophil","2023-06","[EventDispatcher][DX] add a..."
"symfony","symfony",50613,"https://github.com/symfony/symfony/pull/50613","MERGED","2023-06-09T11:37:56Z","2023-06-30T11:56:38Z","alexandre-daubois","2023-06","[Console] Remove deprecations..."
"symfony","recipes-contrib",1521,"https://github.com/symfony/recipes-contrib/pull/1521","MERGED","2023-06-09T10:05:15Z","2023-06-10T07:21:27Z","gponty","2023-06","Add recipe for..."
"symfony","symfony",50612,"https://github.com/symfony/symfony/pull/50612","CLOSED","2023-06-09T07:31:56Z","","cifren","2023-06","feat(oidc): improve..."
"symfony","symfony-docs",18391,"https://github.com/symfony/symfony-docs/pull/18391","MERGED","2023-06-09T05:25:41Z","2023-06-14T10:50:41Z","ndench","2023-06","[Serializer] Document..."
"symfony","symfony",50611,"https://github.com/symfony/symfony/pull/50611","MERGED","2023-06-08T23:44:03Z","2023-06-08T23:47:58Z","nicolas-grekas","2023-06","[Clock] Fix..."
"symfony","symfony",50610,"https://github.com/symfony/symfony/pull/50610","MERGED","2023-06-08T23:12:14Z","2023-06-08T23:26:39Z","nicolas-grekas","2023-06","[GHA] Skip loading ext-relay..."
"symfony","symfony",50609,"https://github.com/symfony/symfony/pull/50609","CLOSED","2023-06-08T22:46:29Z","","derrabus","2023-06","Enable experimental mode for..."
"symfony","symfony",50608,"https://github.com/symfony/symfony/pull/50608","MERGED","2023-06-08T22:45:58Z","2023-06-08T22:58:17Z","nicolas-grekas","2023-06","[GHA] Always install with..."
"symfony","symfony",50607,"https://github.com/symfony/symfony/pull/50607","MERGED","2023-06-08T22:21:27Z","2023-06-08T22:32:54Z","derrabus","2023-06","Run unit tests with PHP 8.3"
"symfony","ux",934,"https://github.com/symfony/ux/pull/934","OPEN","2023-06-08T18:07:52Z","","BurningDog","2023-06","docs: how to enable..."
"symfony","symfony",50602,"https://github.com/symfony/symfony/pull/50602","CLOSED","2023-06-08T14:45:26Z","","VincentLanglet","2023-06","[Mailer] Make Response..."
"symfony","symfony-docs",18388,"https://github.com/symfony/symfony-docs/pull/18388","MERGED","2023-06-08T13:04:28Z","2023-06-09T07:18:43Z","athib","2023-06","Update value_resolver.rst"
"symfony","symfony",50600,"https://github.com/symfony/symfony/pull/50600","MERGED","2023-06-08T12:47:12Z","2023-06-09T06:33:21Z","nicolas-grekas","2023-06","[ProxyManagerBridge] Drop the..."
"symfony","maker-bundle",1323,"https://github.com/symfony/maker-bundle/pull/1323","OPEN","2023-06-08T11:58:12Z","","trislem","2023-06"," Add cascade annotation..."
"symfony","symfony-docs",18387,"https://github.com/symfony/symfony-docs/pull/18387","MERGED","2023-06-08T11:48:57Z","2023-06-08T14:47:18Z","alexandre-daubois","2023-06","[Mailer] Document the..."
"symfony","symfony",50599,"https://github.com/symfony/symfony/pull/50599","MERGED","2023-06-08T11:48:09Z","2023-06-08T20:51:17Z","xabbuh","2023-06","[MonologBridge] widen return..."
"symfony","ux",931,"https://github.com/symfony/ux/pull/931","OPEN","2023-06-08T09:47:14Z","","stof","2023-06","[LiveComponent] Add..."
"symfony","maker-bundle",1322,"https://github.com/symfony/maker-bundle/pull/1322","MERGED","2023-06-08T07:55:46Z","2023-06-11T17:21:36Z","nacorp","2023-06","[make:crud] fix typo in..."
"symfony","symfony-docs",18385,"https://github.com/symfony/symfony-docs/pull/18385","MERGED","2023-06-08T02:34:56Z","2023-06-08T15:25:57Z","phiali","2023-06","[AssetMapper] Update..."
"symfony","symfony",50596,"https://github.com/symfony/symfony/pull/50596","CLOSED","2023-06-07T20:39:22Z","","amenophis","2023-06","[DependencyInjection]..."
"symfony","symfony",50595,"https://github.com/symfony/symfony/pull/50595","MERGED","2023-06-07T20:19:52Z","2023-07-07T06:28:04Z","HypeMC","2023-06","[DependencyInjection] Don't..."
"symfony","symfony",50594,"https://github.com/symfony/symfony/pull/50594","MERGED","2023-06-07T19:36:34Z","2023-06-08T20:48:43Z","alexandre-daubois","2023-06","[DoctrineBridge] Remove..."
"symfony","symfony-docs",18384,"https://github.com/symfony/symfony-docs/pull/18384","MERGED","2023-06-07T19:14:30Z","2023-06-08T15:23:10Z","thimisc","2023-06","Fix Cmder broken link"
"symfony","symfony-docs",18382,"https://github.com/symfony/symfony-docs/pull/18382","MERGED","2023-06-07T19:01:32Z","2023-06-08T15:16:24Z","thimisc","2023-06","[Mailer] Improve DSN formats..."
"symfony","recipes",1213,"https://github.com/symfony/recipes/pull/1213","MERGED","2023-06-07T17:55:18Z","2023-06-21T06:32:57Z","weaverryan","2023-06","Adding UX React, Svelte, Vue..."
"symfony","symfony-docs",18381,"https://github.com/symfony/symfony-docs/pull/18381","MERGED","2023-06-07T17:32:13Z","2023-06-15T10:09:06Z","weaverryan","2023-06","[UX] Centralizing docs..."
"symfony","ux",930,"https://github.com/symfony/ux/pull/930","MERGED","2023-06-07T17:28:53Z","2023-06-13T16:47:38Z","weaverryan","2023-06","Asset mapper: Further docs..."
"symfony","symfony",50590,"https://github.com/symfony/symfony/pull/50590","MERGED","2023-06-07T14:27:04Z","2023-06-09T09:25:05Z","ker0x","2023-06","Add missing EN and FR..."
"symfony","symfony",50589,"https://github.com/symfony/symfony/pull/50589","CLOSED","2023-06-07T14:23:46Z","","ker0x","2023-06","Add missing EN and FR..."
"symfony","symfony-docs",18379,"https://github.com/symfony/symfony-docs/pull/18379","MERGED","2023-06-07T12:11:04Z","2023-06-15T12:40:24Z","scuben","2023-06","[HtmlSanitizer] Information..."
"symfony","symfony-docs",18378,"https://github.com/symfony/symfony-docs/pull/18378","CLOSED","2023-06-07T09:01:13Z","","scuben","2023-06","[HtmlSanitizer] corrected..."
"symfony","symfony",50585,"https://github.com/symfony/symfony/pull/50585","MERGED","2023-06-07T06:29:57Z","2023-06-08T21:05:19Z","darkanakin41","2023-06","[Cache] Fix..."
"symfony","marketing",565,"https://github.com/symfony/marketing/pull/565","MERGED","2023-06-07T02:05:41Z","2023-06-07T09:06:48Z","KorvinSzanto","2023-06","Update concrete5 to Concrete..."
"symfony","symfony-docs",18377,"https://github.com/symfony/symfony-docs/pull/18377","CLOSED","2023-06-06T19:58:22Z","","ep4ever","2023-06","Update page_creation.rst"
"symfony","symfony",50582,"https://github.com/symfony/symfony/pull/50582","MERGED","2023-06-06T16:25:23Z","2023-07-07T06:45:59Z","ossinkine","2023-06","[Security/Http] Fix..."
"symfony","recipes",1212,"https://github.com/symfony/recipes/pull/1212","CLOSED","2023-06-06T15:46:35Z","","fwolfsjaeger","2023-06","[doctrine-bundle] Increased..."
"symfony","symfony",50581,"https://github.com/symfony/symfony/pull/50581","CLOSED","2023-06-06T15:29:26Z","","javiereguiluz","2023-06","[Notifier] Add docs about..."
"symfony","maker-bundle",1321,"https://github.com/symfony/maker-bundle/pull/1321","MERGED","2023-06-06T14:54:19Z","2023-06-07T13:04:45Z","weaverryan","2023-06","Changing..."
"symfony","symfony",50579,"https://github.com/symfony/symfony/pull/50579","MERGED","2023-06-06T13:30:37Z","2023-06-08T21:45:45Z","derrabus","2023-06","[DoctrineBridge] Deprecate..."
"symfony","symfony",50578,"https://github.com/symfony/symfony/pull/50578","MERGED","2023-06-06T13:21:14Z","2023-06-30T15:59:47Z","alexandre-daubois","2023-06","[DependencyInjection]..."
"symfony","ux",929,"https://github.com/symfony/ux/pull/929","MERGED","2023-06-06T13:20:12Z","2023-06-06T17:33:07Z","florentdestremau","2023-06","Added warning for list of..."
"symfony","symfony",50577,"https://github.com/symfony/symfony/pull/50577","MERGED","2023-06-06T13:05:57Z","2023-06-09T09:06:09Z","lyrixx","2023-06","[HttpClient] Remove final..."
"symfony","symfony",50576,"https://github.com/symfony/symfony/pull/50576","MERGED","2023-06-06T13:04:38Z","2023-06-08T21:47:29Z","derrabus","2023-06","[DoctrineBridge] Require ORM..."
"symfony","symfony",50575,"https://github.com/symfony/symfony/pull/50575","MERGED","2023-06-06T12:49:38Z","2023-06-09T09:01:50Z","alexandre-daubois","2023-06","[DoctrineBridge] Remove..."
"symfony","symfony",50574,"https://github.com/symfony/symfony/pull/50574","MERGED","2023-06-06T12:39:52Z","2023-06-08T12:31:11Z","derrabus","2023-06","[DoctrineBridge][Messenger]..."
"symfony","symfony",50573,"https://github.com/symfony/symfony/pull/50573","MERGED","2023-06-06T12:32:34Z","2023-06-08T22:20:02Z","alexandre-daubois","2023-06","[SecurityBundle] Enabling..."
"symfony","symfony",50572,"https://github.com/symfony/symfony/pull/50572","MERGED","2023-06-06T11:56:02Z","2023-06-08T23:00:33Z","danielburger1337","2023-06","[Scheduler] Allow setting..."
"symfony","symfony",50571,"https://github.com/symfony/symfony/pull/50571","MERGED","2023-06-06T11:06:15Z","2023-06-09T12:43:28Z","derrabus","2023-06","[DoctrineBridge] Kill DBAL 2..."
"symfony",".github",3,"https://github.com/symfony/.github/pull/3","MERGED","2023-06-06T10:33:50Z","2023-06-06T10:41:59Z","jeremyFreeAgent","2023-06","fix check-subtree-split..."
"symfony","ux",928,"https://github.com/symfony/ux/pull/928","MERGED","2023-06-06T10:24:21Z","2023-06-06T10:28:59Z","jeremyFreeAgent","2023-06","[StimulusBundle] fix typo in..."
"symfony","symfony",50570,"https://github.com/symfony/symfony/pull/50570","MERGED","2023-06-06T09:40:00Z","2023-06-06T10:01:25Z","nicolas-grekas","2023-06","[GHA] Remove..."
"symfony","maker-bundle",1319,"https://github.com/symfony/maker-bundle/pull/1319","OPEN","2023-06-05T15:56:58Z","","trislem","2023-06","Allow to manipulate traits"
"symfony","maker-bundle",1318,"https://github.com/symfony/maker-bundle/pull/1318","OPEN","2023-06-05T15:50:14Z","","trislem","2023-06","Allow to add JoinTable and..."
"symfony","symfony",50568,"https://github.com/symfony/symfony/pull/50568","MERGED","2023-06-05T15:16:44Z","2023-06-05T16:04:48Z","fancyweb","2023-06","[DoctrineBridge] Cleanup..."
"symfony","recipes",1210,"https://github.com/symfony/recipes/pull/1210","MERGED","2023-06-05T15:15:16Z","2023-06-05T16:01:42Z","stof","2023-06","Opt-in for the new driver..."
"symfony","symfony",50567,"https://github.com/symfony/symfony/pull/50567","MERGED","2023-06-05T15:02:25Z","2023-06-05T15:05:46Z","nicolas-grekas","2023-06","[PhpUnitBridge] Ignore..."
"symfony","symfony",50566,"https://github.com/symfony/symfony/pull/50566","MERGED","2023-06-05T14:51:40Z","2023-06-05T15:19:19Z","nicolas-grekas","2023-06","[DoctrineBridge] Work..."
"symfony","symfony-docs",18375,"https://github.com/symfony/symfony-docs/pull/18375","MERGED","2023-06-05T14:39:52Z","2023-06-06T06:06:40Z","alexandre-daubois","2023-06","[Lock] Add Redis Secure DSN..."
"symfony","symfony",50565,"https://github.com/symfony/symfony/pull/50565","MERGED","2023-06-05T14:22:10Z","2023-06-05T14:24:07Z","fancyweb","2023-06","[Routing] Fix Psalm"
"symfony","symfony",50564,"https://github.com/symfony/symfony/pull/50564","MERGED","2023-06-05T13:33:33Z","2023-06-05T15:04:17Z","fancyweb","2023-06","[SecurityBundle] Mark..."
"symfony","symfony",50563,"https://github.com/symfony/symfony/pull/50563","MERGED","2023-06-05T13:25:56Z","2023-06-05T15:07:06Z","xabbuh","2023-06","[FrameworkBundle] remove..."
"symfony","symfony",50562,"https://github.com/symfony/symfony/pull/50562","MERGED","2023-06-05T13:19:03Z","2023-06-05T13:23:56Z","fancyweb","2023-06","[Lock] Fix sprintf"
"symfony","symfony-docs",18374,"https://github.com/symfony/symfony-docs/pull/18374","CLOSED","2023-06-05T13:06:25Z","","jabranr","2023-06","Add a reference section for..."
"symfony","symfony-docs",18373,"https://github.com/symfony/symfony-docs/pull/18373","MERGED","2023-06-05T13:02:49Z","2023-06-05T15:59:20Z","alexandre-daubois","2023-06","[Session] Fix missing..."
"symfony","maker-bundle",1317,"https://github.com/symfony/maker-bundle/pull/1317","CLOSED","2023-06-05T12:32:58Z","","trislem","2023-06","Add cascade annotation option..."
"symfony","symfony",50561,"https://github.com/symfony/symfony/pull/50561","CLOSED","2023-06-05T12:28:50Z","","fancyweb","2023-06","Fix AppVeyor"
"symfony","recipes-contrib",1520,"https://github.com/symfony/recipes-contrib/pull/1520","CLOSED","2023-06-05T12:22:51Z","","gponty","2023-06","Add recipe for..."
"symfony","symfony",50560,"https://github.com/symfony/symfony/pull/50560","MERGED","2023-06-05T11:52:20Z","2023-06-05T16:06:22Z","ruudk","2023-06","[DependencyInjection] Support..."
"symfony","symfony",50558,"https://github.com/symfony/symfony/pull/50558","MERGED","2023-06-05T09:45:13Z","2023-06-05T16:08:31Z","fancyweb","2023-06","[Serializer] Remove abstract..."
"symfony","symfony",50555,"https://github.com/symfony/symfony/pull/50555","MERGED","2023-06-05T08:08:46Z","2023-06-05T09:12:36Z","VincentLanglet","2023-06","[DomCrawler] Fix..."
"symfony","recipes",1209,"https://github.com/symfony/recipes/pull/1209","MERGED","2023-06-04T17:46:34Z","2023-06-21T06:33:47Z","RandyArnold","2023-06","[Doc] Add missing..."
"symfony","recipes",1208,"https://github.com/symfony/recipes/pull/1208","CLOSED","2023-06-04T17:21:26Z","","HypeMC","2023-06","[WebProfilerBundle] Disable..."
"symfony","symfony-docs",18372,"https://github.com/symfony/symfony-docs/pull/18372","MERGED","2023-06-04T16:29:59Z","2023-06-05T06:33:17Z","StaffNowa","2023-06","Symfony 6.3 documentation..."
"symfony","symfony-docs",18371,"https://github.com/symfony/symfony-docs/pull/18371","MERGED","2023-06-04T16:29:29Z","2023-06-05T06:36:17Z","StaffNowa","2023-06","Symfony 6.4 documentation..."
"symfony","ux",926,"https://github.com/symfony/ux/pull/926","MERGED","2023-06-04T16:24:21Z","2023-06-06T14:50:25Z","weaverryan","2023-06","[Live] Removing docs showing..."
"symfony","symfony",50552,"https://github.com/symfony/symfony/pull/50552","MERGED","2023-06-04T16:19:35Z","2023-07-13T14:03:38Z","Spomky","2023-06","[Security] Allow custom..."
"symfony","symfony",50551,"https://github.com/symfony/symfony/pull/50551","CLOSED","2023-06-04T15:01:23Z","","xabbuh","2023-06","debug build failures"
"symfony","symfony",50550,"https://github.com/symfony/symfony/pull/50550","MERGED","2023-06-04T15:01:08Z","2023-06-04T15:16:01Z","nicolas-grekas","2023-06","[DoctrineBridge] Fix..."
"symfony","symfony",50549,"https://github.com/symfony/symfony/pull/50549","MERGED","2023-06-04T14:52:07Z","2023-06-04T15:15:56Z","nicolas-grekas","2023-06","[DoctrineBridge] Update..."
"symfony","symfony",50548,"https://github.com/symfony/symfony/pull/50548","MERGED","2023-06-04T13:19:41Z","2023-06-08T21:30:32Z","HypeMC","2023-06","[FrameworkBundle] Show..."
"symfony","symfony",50547,"https://github.com/symfony/symfony/pull/50547","MERGED","2023-06-04T12:51:11Z","2023-06-04T13:03:03Z","xabbuh","2023-06","[DoctrineBridge] bump..."
"symfony","symfony",50546,"https://github.com/symfony/symfony/pull/50546","MERGED","2023-06-04T12:48:16Z","2023-06-08T19:21:16Z","HypeMC","2023-06","[FrameworkBundle] Fix..."
"symfony","symfony-docs",18370,"https://github.com/symfony/symfony-docs/pull/18370","CLOSED","2023-06-03T21:33:47Z","","weaverryan","2023-06","Hello AssetMapper..."
"symfony","symfony-docs",18369,"https://github.com/symfony/symfony-docs/pull/18369","MERGED","2023-06-03T17:50:05Z","2023-06-05T06:40:05Z","alexandre-daubois","2023-06","[PHPUnitBridge] Fix missing..."
"symfony","symfony",50545,"https://github.com/symfony/symfony/pull/50545","CLOSED","2023-06-03T17:27:54Z","","alexandre-daubois","2023-06","[Process] Fix standard..."
"symfony","maker-bundle",1315,"https://github.com/symfony/maker-bundle/pull/1315","CLOSED","2023-06-03T16:27:34Z","","trislem","2023-06","Allow to add complementary /..."
"symfony","symfony",50544,"https://github.com/symfony/symfony/pull/50544","MERGED","2023-06-03T07:45:10Z","2023-06-03T15:03:53Z","xabbuh","2023-06","fix Doctrine deprecations"
"symfony","stimulus-bundle",1,"https://github.com/symfony/stimulus-bundle/pull/1","CLOSED","2023-06-02T15:39:00Z","","jeremyFreeAgent","2023-06","docs: fix typo"
"symfony","symfony-docs",18366,"https://github.com/symfony/symfony-docs/pull/18366","MERGED","2023-06-02T14:43:35Z","2023-06-05T06:29:05Z","alamirault","2023-06","Update..."
"symfony","symfony",50540,"https://github.com/symfony/symfony/pull/50540","MERGED","2023-06-02T13:09:44Z","2023-06-05T09:30:44Z","upchuk","2023-06","[Validator] GH-50526:..."
"symfony","symfony",50539,"https://github.com/symfony/symfony/pull/50539","MERGED","2023-06-02T13:03:31Z","2023-06-02T15:15:23Z","wouterj","2023-06","[Validator] Remove internal..."
"symfony","symfony-docs",18365,"https://github.com/symfony/symfony-docs/pull/18365","MERGED","2023-06-02T12:55:04Z","2023-06-05T06:22:17Z","tucksaun","2023-06","[DependencyInjection] Fix..."
"symfony","symfony",50537,"https://github.com/symfony/symfony/pull/50537","MERGED","2023-06-02T11:44:04Z","2023-10-10T05:54:27Z","maxbeckers","2023-06","[Console] Add placeholders..."
"symfony","ux",922,"https://github.com/symfony/ux/pull/922","MERGED","2023-06-02T10:22:58Z","2023-06-02T13:06:28Z","weaverryan","2023-06","[Live] Simplify new form docs"
"symfony","symfony-docs",18364,"https://github.com/symfony/symfony-docs/pull/18364","MERGED","2023-06-02T09:03:18Z","2023-06-05T06:39:15Z","alexandre-daubois","2023-06","[Cache] Fix redis adapter..."
"symfony","symfony",50534,"https://github.com/symfony/symfony/pull/50534","MERGED","2023-06-02T08:42:01Z","2023-06-02T13:05:02Z","nicolas-grekas","2023-06","[PhpUnitBridge] Fix support..."
"symfony","recipes-contrib",1519,"https://github.com/symfony/recipes-contrib/pull/1519","MERGED","2023-06-02T08:38:15Z","2023-06-02T13:36:20Z","tuyetrinhvo","2023-06","Update..."
"symfony","ux",920,"https://github.com/symfony/ux/pull/920","MERGED","2023-06-02T07:53:28Z","2023-06-23T00:21:15Z","sneakyvv","2023-06","[TwigComponent] Support..."
"symfony","symfony-docs",18363,"https://github.com/symfony/symfony-docs/pull/18363","MERGED","2023-06-01T16:01:38Z","2023-06-01T16:15:30Z","javiereguiluz","2023-06","Use DOCtor-RST 1.47.2"
"symfony","webpack-encore",1211,"https://github.com/symfony/webpack-encore/pull/1211","MERGED","2023-06-01T15:35:17Z","2023-07-10T17:50:42Z","stof","2023-06","Update the versions for..."
"symfony","symfony",50533,"https://github.com/symfony/symfony/pull/50533","CLOSED","2023-06-01T15:24:58Z","","flovntp","2023-06","[Notifier] Update Slack..."
"symfony","symfony",50532,"https://github.com/symfony/symfony/pull/50532","MERGED","2023-06-01T15:09:33Z","2023-06-02T13:06:36Z","alexandre-daubois","2023-06","[Messenger] Prevent..."
"symfony","symfony",50530,"https://github.com/symfony/symfony/pull/50530","MERGED","2023-06-01T14:47:31Z","2023-06-09T09:12:12Z","Okhoshi","2023-06","[DependencyInjection] Fix..."
"symfony","ux",919,"https://github.com/symfony/ux/pull/919","MERGED","2023-06-01T13:03:29Z","2023-06-02T10:10:52Z","weaverryan","2023-06","[Autocomplete] When min chars..."
"symfony","symfony-docs",18362,"https://github.com/symfony/symfony-docs/pull/18362","MERGED","2023-06-01T11:52:42Z","2023-06-05T06:53:35Z","alexandre-daubois","2023-06","Add property types and return..."
"symfony","validator",33,"https://github.com/symfony/validator/pull/33","CLOSED","2023-06-01T11:26:53Z","","upchuk","2023-06","GH-50526: Reverting..."
"symfony","symfony",50525,"https://github.com/symfony/symfony/pull/50525","MERGED","2023-06-01T11:02:55Z","2023-06-01T11:15:48Z","nicolas-grekas","2023-06","[PhpUnitBridge] Fix..."
"symfony","symfony",50524,"https://github.com/symfony/symfony/pull/50524","MERGED","2023-06-01T11:00:03Z","2023-06-02T15:36:54Z","nicolas-grekas","2023-06","Fix Doctrine deprecations"
"symfony","recipes-contrib",1518,"https://github.com/symfony/recipes-contrib/pull/1518","MERGED","2023-06-01T10:09:18Z","2023-06-01T20:50:02Z","dunglas","2023-06","[dunglas/solid-client-php]:..."
"symfony","symfony",50521,"https://github.com/symfony/symfony/pull/50521","MERGED","2023-06-01T10:01:48Z","2023-06-01T10:13:59Z","spideyfusion","2023-06","[Serializer] Fix ignoring..."
"symfony","symfony-docs",18361,"https://github.com/symfony/symfony-docs/pull/18361","MERGED","2023-06-01T10:00:38Z","2023-06-01T15:42:52Z","javiereguiluz","2023-06","Fix an RST syntax issue of..."
"symfony","symfony-docs",18360,"https://github.com/symfony/symfony-docs/pull/18360","MERGED","2023-06-01T09:38:18Z","2023-06-05T06:54:59Z","javiereguiluz","2023-06","Upgrade the minimum PHP..."
"symfony","ux",918,"https://github.com/symfony/ux/pull/918","MERGED","2023-06-01T08:41:14Z","2023-06-02T10:10:37Z","jmsche","2023-06","Fix Doctrine Persistence..."
"symfony","symfony",50519,"https://github.com/symfony/symfony/pull/50519","MERGED","2023-06-01T05:57:28Z","2023-06-01T08:13:00Z","nicolas-grekas","2023-06"," [SecurityBundle] Use..."
"symfony","symfony-docs",18359,"https://github.com/symfony/symfony-docs/pull/18359","MERGED","2023-06-01T00:48:17Z","2023-07-09T08:24:33Z","blaugueux","2023-06","[Mailer] Rename Sendinlue to..."
"symfony","recipes",1207,"https://github.com/symfony/recipes/pull/1207","MERGED","2023-06-01T00:31:18Z","2023-07-09T10:31:50Z","blaugueux","2023-06","Add symfony/brevo-mailer..."
"symfony","symfony",50518,"https://github.com/symfony/symfony/pull/50518","CLOSED","2023-06-01T00:21:01Z","","blaugueux","2023-06","[Mailer] Deprecate..."
